cryptocurrency,username,user_id,followers_count,tweet_text,created_date,retweet_count,reply_count,like_count,sentiment
#bitcoin,rogerkver,176758255,650488,message bitcoin maximalists michaelsaylor cpay taxesd cobey mastersd,2021-03-09T14:58:39.000Z,139,257,652,neu
#bitcoin,aantonop,1469101279,570361,month qampa livestream questions patreon community builders curious check februarys chatted paper wallets criminals bitcoin,2021-03-15T08:00:15.000Z,6,4,40,neu
#bitcoin,aantonop,1469101279,570361,ignore noise learn bitcoin crypto lifeboat learn latest talk,2021-03-13T09:01:35.000Z,124,31,552,neu
#bitcoin,aantonop,1469101279,570361,cstuckd bitcoin transaction,2021-03-12T21:00:07.000Z,10,6,59,neu
#bitcoin,aantonop,1469101279,570361,bitcoin language aantonop channel features dozens subtitled videos languages share,2021-03-12T09:00:10.000Z,34,12,131,neu
#bitcoin,aantonop,1469101279,570361,paper wallets inflation criminals bitcoin februarys livestream topics asked answered watch,2021-03-12T03:00:06.000Z,25,5,135,neu
#bitcoin,aantonop,1469101279,570361,video hit 100k views glad find bitcoin basics workshop helpful remember offer free website earn certificate completion,2021-03-11T21:00:04.000Z,35,10,181,neu
#bitcoin,aantonop,1469101279,570361,rich people bitcoin isnt endorsement bitcoin recognize fiat ships sinking learn learn explain,2021-03-11T03:00:47.000Z,151,26,665,neu
#bitcoin,aantonop,1469101279,570361,month host qampa livestream session answer bitcoin open blockchains februarys havent,2021-03-08T21:00:17.000Z,5,5,48,neu
#bitcoin,ErikVoorhees,61417559,429474,bitcoin wear mask access,2021-03-13T17:51:31.000Z,36,61,278,neu
#bitcoin,ErikVoorhees,61417559,429474,bitcoin character money left undiscussed,2021-03-13T04:36:17.000Z,27,20,321,neu
#bitcoin,ErikVoorhees,61417559,429474,pro swap tokens metamasks fees shapeshiftio appand metamask support bitcoin nonethereum chains,2021-03-12T19:27:12.000Z,10,13,59,neu
#bitcoin,tyler,24222556,571182,3 billion video game players worldwidedo prefer gold bitcoin prefer cash cryptodo prefer physical art nftsdo prefer wall street defi,2021-03-15T13:03:47.000Z,380,212,2024,neu
#bitcoin,tyler,24222556,571182,bitcoin defense fed,2021-03-14T18:29:09.000Z,311,149,3289,neu
#bitcoin,tyler,24222556,571182,bitcoin ripping filecoin fil tear 30,2021-03-14T12:21:58.000Z,81,123,925,neu
#bitcoin,tyler,24222556,571182,60k foundation bitcoin,2021-03-14T12:19:26.000Z,215,134,2964,neu
#bitcoin,tyler,24222556,571182,bitcoin 60k trendingyeehaw,2021-03-13T14:55:51.000Z,272,112,3089,neu
#bitcoin,tyler,24222556,571182,4wordsbetterthansex bitcoin alltimehigh,2021-03-13T13:44:02.000Z,362,277,4073,neu
#bitcoin,tyler,24222556,571182,good morning 60k bitcoin,2021-03-13T13:29:56.000Z,356,132,3696,neu
#bitcoin,tyler,24222556,571182,androids dream electric sheep bitcoin,2021-03-12T14:41:49.000Z,61,101,848,neu
#bitcoin,tyler,24222556,571182,biden signs 19 trillion dollar advertisement bitcoin,2021-03-11T23:52:09.000Z,1202,290,9170,neu
#bitcoin,tyler,24222556,571182,bitcoin journey truth nature money rabbit hole glass wardrobe upsidedown red pill,2021-03-11T14:56:27.000Z,251,147,1754,neu
#bitcoin,tyler,24222556,571182,stimmy trending bitcoin trending,2021-03-11T00:23:08.000Z,302,155,3667,neu
#bitcoin,tyler,24222556,571182,house vote 19 trillion dollar advertisement bitcoin senate approval,2021-03-10T18:14:29.000Z,426,164,4084,neu
#bitcoin,tyler,24222556,571182,lot institutional money coming bitcoin sitting sidelines pitch inning,2021-03-10T14:41:25.000Z,328,134,3109,neu
#bitcoin,tyler,24222556,571182,bitcoin roared 55k 60k,2021-03-10T13:21:23.000Z,720,315,7398,neu
#bitcoin,tyler,24222556,571182,company decided bitcoin balance sheetamerican residential warranty teamed gemini invest directly bitcoin onward u0001f680,2021-03-09T20:56:10.000Z,262,67,1478,neu
#bitcoin,tyler,24222556,571182,company putting bitcoin balance sheet,2021-03-09T20:27:12.000Z,235,81,1714,neu
#bitcoin,tyler,24222556,571182,week day bitcoin chilling 50k 19 trillion dollars system,2021-03-08T17:06:05.000Z,367,194,3276,neu
#bitcoin,cameron,250980843,412432,fiat money decades scale reached billion unbanked bitcoin internet goeswhich profoundly socially scalable,2021-03-14T19:11:46.000Z,215,104,1489,neu
#bitcoin,cameron,250980843,412432,stimmy checks flooding bitcoin,2021-03-14T13:48:23.000Z,217,176,2697,neu
#bitcoin,cameron,250980843,412432,good morning bitcoin 60k,2021-03-13T14:10:17.000Z,298,139,3836,pos
#bitcoin,cameron,250980843,412432,bitcoin breaks frame fiat narrative,2021-03-12T20:24:05.000Z,145,89,1536,neu
#bitcoin,cameron,250980843,412432,bitcoin brings scarcity digital money nfts bring scarcity digital art,2021-03-10T17:59:20.000Z,263,221,2302,neu
#bitcoin,cameron,250980843,412432,tomorrow house set 19 trillion reasons bitcoin,2021-03-10T03:11:18.000Z,629,222,5709,neu
#bitcoin,cameron,250980843,412432,bitcoin strength decentralized money,2021-03-09T14:18:02.000Z,313,176,2913,neu
#bitcoin,Cointelegraph,2207129125,700174,athletics offering fans full season sixperson suite season price 1bitcoin,2021-03-15T09:52:32.000Z,10,7,51,neu
#bitcoin,Cointelegraph,2207129125,700174,bitcoin price prediction team michaelsaylor 100trillionusd apompliano begun telling,2021-03-14T12:00:29.000Z,38,17,141,neu
#bitcoin,Cointelegraph,2207129125,700174,goldman sachs braces wave crypto customers coo consumers financial services digital assets bitcoin etf,2021-03-14T07:15:00.000Z,74,19,359,neu
#bitcoin,Cointelegraph,2207129125,700174,analysts expect bitcoin altcoins soar uncharted territory btc hit high 61800,2021-03-14T00:20:32.000Z,45,11,261,neu
#bitcoin,Cointelegraph,2207129125,700174,march 12 2020 remember day black thursday btc crashed 3600 things time,2021-03-13T20:00:01.000Z,11,8,74,neu
#bitcoin,Cointelegraph,2207129125,700174,week bitcoin returned 257an evenlyweighted basket altcoins returned 282buying vortecsu2122 score crosses 80 selling 24 hours returned 66get data live,2021-03-13T15:57:34.000Z,8,4,42,neu
#bitcoin,Cointelegraph,2207129125,700174,weekend alltime high bitcoin,2021-03-13T14:02:04.000Z,90,24,421,neu
#bitcoin,Cointelegraph,2207129125,700174,guessing price bitcoin crystal ball favorite btc price prediction 100trillionusd apompliano,2021-03-13T03:15:04.000Z,19,6,99,neu
#litecoin,Cointelegraph,2207129125,700174,wow website canadian social media platform pal crashed minutes announced acquisition 15 stake doge ltc mining facility hype osatonomayo,2021-03-13T01:20:00.000Z,18,3,75,neu
#dogecoin,Cointelegraph,2207129125,700174,wow website canadian social media platform pal crashed minutes announced acquisition 15 stake doge ltc mining facility hype osatonomayo,2021-03-13T01:20:00.000Z,18,3,75,neu
#bitcoin,Cointelegraph,2207129125,700174,march 12 2020 remember day black thursday bitcoin crashed 3600 things time,2021-03-12T22:20:02.000Z,12,4,42,neu
#bitcoin,Cointelegraph,2207129125,700174,guessing price bitcoin crystal ball favorite btc price prediction 100trillionusd apompliano,2021-03-12T21:30:20.000Z,5,6,49,neu
#bitcoin,Cointelegraph,2207129125,700174,bitcoin face fresh miner selloff metric repeats historical performance,2021-03-12T08:56:33.000Z,7,7,36,neu
#bitcoin,Cointelegraph,2207129125,700174,scenes bitcoin market arbitrage aspect pull curtain find btcs price exchanges,2021-03-12T05:00:32.000Z,7,2,21,neu
#bitcoin,Cointelegraph,2207129125,700174,cryptohungry goldmansachs rise bitcoin demand clients extent explore crypto,2021-03-12T01:40:00.000Z,17,1,52,neu
#ethereum,Cointelegraph,2207129125,700174,ethereum worried latest tether integration solana ethereum competitor blockchain promises support defi web3 activities higher transaction speeds lower costs,2021-03-12T00:20:01.000Z,12,7,89,neu
#bitcoin,Cointelegraph,2207129125,700174,scenes bitcoin market arbitrage aspect pull curtain find btcs price exchanges,2021-03-11T23:20:00.000Z,3,4,23,neu
#ethereum,Cointelegraph,2207129125,700174,defi projects integrating additional blockchain projects binancesmartchain ethereum dominance defi,2021-03-11T18:50:03.000Z,18,14,72,neu
#bitcoin,Cointelegraph,2207129125,700174,bitcoin trades close price crypto exchanges benjaminpirus reports rationale btc price action,2021-03-11T15:04:04.000Z,9,2,31,neu
#bitcoin,Cointelegraph,2207129125,700175,guests kessler collections hotels pay bitcoin cryptocurrencies partnership bitpay,2021-03-11T12:36:02.000Z,20,6,78,neu
#bitcoin,Cointelegraph,2207129125,700175,blackrocks russ koesterich golds status hedge inflation exaggerated bitcoin asset,2021-03-11T11:05:05.000Z,26,2,95,neu
#bitcoin,Cointelegraph,2207129125,700175,son famous bitcoin naysayer peter schiff supposedly sold silver stocks 100 bet bitcoin,2021-03-11T09:04:03.000Z,69,31,370,neu
#bitcoin,Cointelegraph,2207129125,700175,bitcoin wobbles 57000 mikemcglone11 predicts challenge amazons market cap,2021-03-11T08:32:03.000Z,24,10,104,neu
#ethereum,Cointelegraph,2207129125,700175,staking yield farming dashpay latest project offer functionality officially launching ethereum defi bridge osatonomayo,2021-03-11T08:20:01.000Z,7,3,40,neu
#bitcoin,Cointelegraph,2207129125,700175,10000 btc atms installed march 1st 2020 canada europe account atms worldwide,2021-03-11T00:40:00.000Z,29,6,99,neu
#dogecoin,Cointelegraph,2207129125,700175,dogecoin overstayed stay celebrities endorsing meme coin doge adoption future,2021-03-10T23:20:01.000Z,17,18,79,neu
#bitcoin,Cointelegraph,2207129125,700175,key bitcoin derivatives indicators signal rally 57000 driven overleveraged retail traders noshitcoins explains btc price move higher,2021-03-10T20:36:02.000Z,12,8,47,neu
#xrp,Cointelegraph,2207129125,700175,ripple drops lawsuit youtube outofcourt settlementthe suit alleged youtube benefiting xrp scam giveaways flooded video streaming platform gregthomson88,2021-03-10T20:15:08.000Z,7,4,30,neu
#ethereum,Cointelegraph,2207129125,700175,discover graphics card hack custom modification allegedly bypass rtx 3060s mining limitations great news eth miners,2021-03-10T18:30:05.000Z,9,7,48,neu
#xrp,Cointelegraph,2207129125,700175,ripple drops lawsuit youtube outofcourt settlementthe suit alleged youtube benefiting xrp scam giveaways flooded video streaming platform gregthomson88,2021-03-10T14:00:00.000Z,6,1,17,neu
#bitcoin,Cointelegraph,2207129125,700175,canada continue account vast majority bitcoin atms internationally,2021-03-10T10:53:02.000Z,24,10,88,neu
#bitcoin,Cointelegraph,2207129125,700175,aker solutions big bet bitcoin spinning crypto investment company tap btc ecosystem 59 investment aker solutions pay,2021-03-10T09:40:00.000Z,33,7,132,neu
#bitcoin,Cointelegraph,2207129125,700175,institutions jumping aboard crypto train aker asa latest firm hold bitcoin balance sheet invest companies crypto space osatonomayo,2021-03-09T07:20:00.000Z,30,5,118,neu
#ethereum,Cointelegraph,2207129125,700175,blockchain central banks decide host cbdcs report cpa australia big running bitcoin ethereum xrp,2021-03-09T04:45:01.000Z,28,25,93,neu
#bitcoin,Cointelegraph,2207129125,700175,toddler hodler blockchain rockstar lily knight appeared women future conference monday shared btc enthusiasm crypto community,2021-03-09T04:30:02.000Z,21,1,74,neu
#bitcoin,Cointelegraph,2207129125,700175,wow nydig announced 200m funding round business initiatives relating bitcoin strategic partners morganstanley massmutual led funding,2021-03-09T03:45:01.000Z,16,1,64,neu
#bitcoin,Cointelegraph,2207129125,700175,onchain data 12 bitcoin 65 circulating supply moved create cone largest onchain btc accumulation levels historyd,2021-03-09T03:13:03.000Z,28,4,101,neu
#bitcoin,Cointelegraph,2207129125,700175,toddler hodler blockchain rockstar lily knight appeared women future conference monday shared bitcoin enthusiasm crypto community,2021-03-08T23:40:01.000Z,13,3,40,neu
#bitcoin,Cointelegraph,2207129125,700175,blockchain central banks decide host cbdcs report cpa australia big running bitcoin ethereum xrp,2021-03-08T23:20:00.000Z,19,16,67,neu
#chiliz,Cointelegraph,2207129125,700175,chilizs market cap soared 1 billion chz token hit alltime high plans expand united states boost sentiment sports fans investors,2021-03-08T23:18:32.000Z,239,73,995,neu
#dogecoin,Cointelegraph,2207129125,700175,john mcafee speaks charges brought doj tweets dogecoin 2017 included pumpanddump allegations,2021-03-08T20:45:03.000Z,3,7,17,neu
#bitcoin,Cointelegraph,2207129125,700175,battle gold bitcoin favors btc bloombergs mikemcglone11,2021-03-08T16:49:32.000Z,16,4,67,neu
#bitcoin,crypto,928759224599040001,294695,bitcoin stays sight record 61000 1000 jump crypto cryptocurrency btc,2021-03-15T06:52:17.000Z,18,8,64,neu
#bitcoin,crypto,928759224599040001,294695,watch bitcoin rise 175000 year richard byworth chief executive officer diginex nasdaqlisted digital asset financial services company bloombergtv crypto cryptocurrency btc eqos,2021-03-15T04:35:17.000Z,81,22,233,neu
#bitcoin,crypto,928759224599040001,294695,bitcoin dips record scaling 61000 aided stimulus crypto cryptocurrency btc,2021-03-15T02:44:45.000Z,47,34,114,neu
#bitcoin,crypto,928759224599040001,294695,bitcoin crypto cryptocurrency btc,2021-03-13T15:12:02.000Z,41,22,89,neu
#bitcoin,crypto,928759224599040001,294695,beeple nft sold 69 making thirdmost expensive artwork sell auction crypto bitcoin cryptocurrency eth,2021-03-12T12:30:22.000Z,25,13,89,neu
#bitcoin,crypto,928759224599040001,294695,gold bitcoin scouseview ponders turn rumors death bond market rally true bopinionmore crypto,2021-03-12T08:55:03.000Z,47,9,115,neu
#bitcoin,crypto,928759224599040001,294695,binance worlds largest cryptocurrency exchange named senator max baucus policy governmentrelations adviser crypto bitcoin bnb,2021-03-12T08:03:34.000Z,59,8,187,neu
#bitcoin,crypto,928759224599040001,294695,grayscale investments firm biggest bitcoin trust posted etfrelated positions linkedin signal betting approval crypto etfs crypto cryptocurrency,2021-03-12T07:01:07.000Z,56,15,217,neu
#bitcoin,crypto,928759224599040001,294695,falconx cryptocurrency trading platform raised 50 investors including tiger global management capital group sources crypto bitcoin,2021-03-12T04:28:07.000Z,26,2,47,neu
#bitcoin,crypto,928759224599040001,294695,sound smart talking bitcoin days crypto cryptocurrency,2021-03-12T04:03:09.000Z,51,17,101,neu
#bitcoin,crypto,928759224599040001,294695,worlds largest cryptocurrency picking momentum approaching record high set month amid broader riskon rally financial markets crypto bitcoin btc,2021-03-12T03:08:59.000Z,64,7,139,neu
#bitcoin,crypto,928759224599040001,294695,tactics people money china crypto bitcoin cryptocurrency,2021-03-12T02:48:37.000Z,50,8,80,neu
#bitcoin,crypto,928759224599040001,294695,day alright broke millionaire artists cashing nft craze create stamp ownership work crypto bitcoin cryptocurrency,2021-03-10T02:38:15.000Z,22,12,74,neu
#bitcoin,crypto,928759224599040001,294695,bitcoin breaks 55000 risk appetite returns trends signal digital tokens stepping closer mainstream finance crypto,2021-03-10T02:01:10.000Z,43,11,126,neu
#bitcoin,crypto,928759224599040001,294695,bitcoin extends climb topping 55000 risk appetite revives,2021-03-10T02:00:58.000Z,19,7,60,neu
#bitcoin,crypto,928759224599040001,294695,bitcoin rose highest level feb 23 tuesday continued interest digital assets big institutions,2021-03-09T07:43:20.000Z,17,7,66,neu
#bitcoin,crypto,928759224599040001,294695,imagine future national private digital currencies easily substituted andymukherjee70 decade bopinion crypto bitcoin,2021-03-09T07:20:47.000Z,15,6,62,neu
#bitcoin,crypto,928759224599040001,294695,cbitcoin ethereum bullishness backthe largest cryptocurrency rival reached highest point weeks wake chinese beauty app meitu bought bitcoin ether btc eth,2021-03-09T04:17:53.000Z,104,18,276,neu
#ethereum,crypto,928759224599040001,294695,cbitcoin ethereum bullishness backthe largest cryptocurrency rival reached highest point weeks wake chinese beauty app meitu bought bitcoin ether btc eth,2021-03-09T04:17:53.000Z,104,18,276,neu
#bitcoin,crypto,928759224599040001,294695,government auctioning unusual item 07501 bitcoin crypto,2021-03-09T00:20:48.000Z,87,30,230,neu
#bitcoin,laurashin,26377478,140817,60k btc,2021-03-13T12:34:31.000Z,20,13,355,neu
#bitcoin,laurashin,26377478,140817,elibensasson payments starkwareltd process 18000 transactions secondethereum process 15 tps bitcoin 7 u0001f440with 80000 dydxprotocol waitlist nervous live,2021-03-10T14:33:31.000Z,14,10,65,neu
#bitcoin,Excellion,14654494,125493,bitcoin 60000,2021-03-13T21:00:11.000Z,68,10,974,neu
#bitcoin,Excellion,14654494,125493,bitcoin reached ath 60000 u0001f680,2021-03-13T11:30:16.000Z,402,5,2099,neu
#bitcoin,Excellion,14654494,125493,59k bitcoin ath,2021-03-13T10:16:12.000Z,76,3,886,neu
#bitcoin,Excellion,14654494,125493,bitcoin consumes lot energy issue havent reached advanced stage energy production storage yetearth receives 000000005 energy output sun percentage convert tiny portion consumption,2021-03-13T07:17:07.000Z,41,8,366,neu
#bitcoin,Excellion,14654494,125493,bitcoin mining target social media outrage start mining operation fiat currencies final products central banks process costs environmental impacts neatly hidden,2021-03-11T05:48:44.000Z,39,2,365,neu
#bitcoin,Excellion,14654494,125493,billionaire buys bitcoin nanother billionaire buys bitcoinna billionaire sells nft eth dumps bitcoin dumbest retail market buy ethereum cinvestmentd purposes,2021-03-10T03:47:24.000Z,68,7,568,neu
#bitcoin,Excellion,14654494,125493,seeteeio focus initially things investing owning bitcoin establishing partnerships leading bitcoin players launching bitcoin verification operations building investing innovation projects u0001f680,2021-03-09T21:21:49.000Z,9,0,53,neu
#bitcoin,Excellion,14654494,125493,bitcoin market cap 1 trillion,2021-03-09T05:01:46.000Z,37,2,442,neu
#bitcoin,CoinDeskMarkets,956155022957531137,47179,breaking bitcoin mojo soared alltime highs 60000via danzpalmer,2021-03-13T11:11:34.000Z,92,23,400,neu
#bitcoin,Timccopeland,953233327238021120,17321,gerber kawasaki ceo ross gerber offer clients essence opportunity incredibly lucrative bitcoin,2021-03-09T16:10:30.000Z,0,0,3,neu
#ethereum,cz_binance,902926941413453824,1150585,binance couple dollars grants eth buidlers collaboration gitcoin,2021-03-15T04:36:41.000Z,110,7,1140,neu
#bitcoin,cz_binance,902926941413453824,1150585,yall 60k bitcoin sideways u0001f602,2021-03-14T13:21:42.000Z,284,13,3377,neu
#bitcoin,cz_binance,902926941413453824,1150585,btc athif slight feeling regret remember dipnot financial advice,2021-03-14T02:50:49.000Z,482,15,3855,neu
#bitcoin,cz_binance,902926941413453824,1150585,lucky buy bitcoin 100000 usdstill early days financial advice,2021-03-13T16:09:25.000Z,1467,26,9214,neu
#bitcoin,cz_binance,902926941413453824,1150585,60k cheap btc check tweet years seenot financial advice,2021-03-13T10:48:09.000Z,1235,18,7672,neu
#bitcoin,cz_binance,902926941413453824,1150585,dip ath btc,2021-03-13T10:34:57.000Z,544,296,3940,neu
#binance coin,cz_binance,902926941413453824,1150585,bnb price chart year ago nowslowly surely,2021-03-12T19:20:43.000Z,369,17,2897,neu
#bitcoin,cz_binance,902926941413453824,1150585,year ago today doomsdaybtc dropped 8000 3775nbnb dropped 16 634todaybtc 56700 15xnbnb 280 44xthere opportunities today opportunities futurenot financial advice,2021-03-12T05:09:50.000Z,1159,18,4682,neu
#binance coin,cz_binance,902926941413453824,1150585,year ago today doomsdaybtc dropped 8000 3775nbnb dropped 16 634todaybtc 56700 15xnbnb 280 44xthere opportunities today opportunities futurenot financial advice,2021-03-12T05:09:50.000Z,1159,18,4682,neu
#bitcoin,cz_binance,902926941413453824,1150585,dip btc,2021-03-10T19:30:17.000Z,595,23,4899,neu
#bitcoin,woonomic,13418472,338175,work carbon footprint usd petrodollar regime holding renewable technology 50 yearsquit cbitcoin energy electric carsd bs,2021-03-13T04:44:54.000Z,834,255,4872,neu
#bitcoin,woonomic,13418472,338175,35 bitcoin supply bought 3 months5 supply bought prices 1t market cap,2021-03-11T17:10:39.000Z,560,94,3349,neu
#bitcoin,rogerkver,176758255,653997,fbi arrested ftlian host freetalklive person heard bitcoin time cashfusion donate legal defense fbi retaliate,2021-03-21T13:32:13.000Z,196,75,494,neu
#bitcoin,aantonop,1469101279,572352,crypto mnemonic phrase relates bitcoin ethereum private keys,2021-03-23T08:00:11.000Z,13,2,47,neu
#ethereum,aantonop,1469101279,572352,crypto mnemonic phrase relates bitcoin ethereum private keys,2021-03-23T08:00:11.000Z,13,2,47,neu
#bitcoin,aantonop,1469101279,572352,bitcoin bitcoin period,2021-03-22T08:00:03.000Z,48,20,272,neu
#bitcoin,aantonop,1469101279,572352,wanted node video offers free tips running bitcoin ethereum lightningnetwork node,2021-03-21T02:00:13.000Z,50,14,225,neu
#ethereum,aantonop,1469101279,572352,wanted node video offers free tips running bitcoin ethereum lightningnetwork node,2021-03-21T02:00:13.000Z,50,14,225,neu
#bitcoin,ErikVoorhees,61417559,432480,decentralization security exists gradientnothing fully decentralizednothing fully secure virtues asymptotically approached claim arrival jeopardize journey bitcoin ethereum,2021-03-18T22:27:24.000Z,29,35,393,neu
#ethereum,ErikVoorhees,61417559,432480,decentralization security exists gradientnothing fully decentralizednothing fully secure virtues asymptotically approached claim arrival jeopardize journey bitcoin ethereum,2021-03-18T22:27:24.000Z,29,35,393,neu
#bitcoin,ErikVoorhees,61417559,432480,yahoo finance3harris poll finds 9 people expecting 1400 stimulus check plan invest money traditional assets stocks 7 plan money buy cryptocurrencies bitcoin,2021-03-18T16:46:40.000Z,16,6,89,neu
#bitcoin,ErikVoorhees,61417559,432480,vladerik voorhees provided dose optimism suggested phase sign road victorys8 e3 erik voorhees keepkey open source bitcoin btctkvr,2021-03-17T21:02:19.000Z,3,5,40,neu
#cosmos,ErikVoorhees,61417559,432480,decentralization continuessince debut ust surpassed paxos standard pax gemini dollar gusd backed fiat currency held realworld banks subject intervention issuers cosmos,2021-03-17T17:46:21.000Z,20,9,96,neu
#bitcoin,ErikVoorhees,61417559,432481,bank allowing wealthier clients access volatile asset u0001f928for shapeshiftio easy buy bitcoin mobile,2021-03-17T16:05:00.000Z,50,22,318,neu
#bitcoin,tyler,24222556,585230,bitcoin money greatest teacher,2021-03-21T15:07:56.000Z,278,209,2453,neu
#bitcoin,tyler,24222556,585230,internet digital abundance bitcoin digital scarcity,2021-03-20T22:12:31.000Z,416,184,3521,neu
#bitcoin,tyler,24222556,585230,bitcoin continues mainstream slowly suddenly understand,2021-03-17T20:08:32.000Z,476,135,2862,neu
#bitcoin,cameron,250980843,422782,bitcoin headlines started,2021-03-21T20:22:43.000Z,1756,256,6260,neu
#bitcoin,cameron,250980843,422782,entered era individual investors powerful sophisticated institutions jp morgan reports retail investors purchased 18700 bitcoin worth 104b 3 months institutions purchased 173000 btc worth 96b period,2021-03-17T13:17:31.000Z,292,129,1467,neu
#bitcoin,Cointelegraph,2207129125,720815,current wealth transfer longterm holders buyers bitcoin marketn nglassnode released report stated bull markets generally follow wealth transfer path phases phase,2021-03-23T17:00:29.000Z,12,6,20,neu
#bitcoin,Cointelegraph,2207129125,720815,prominent indian entrepreneur government advisor nandannilekani argued cryptocurrencies bitcoin allowed india,2021-03-23T08:04:33.000Z,24,5,80,neu
#bitcoin,Cointelegraph,2207129125,720815,bitcoin 900 12 months shares btc mining firms 5000 period guess publicly traded companies,2021-03-23T02:45:01.000Z,9,3,54,neu
#bitcoin,Cointelegraph,2207129125,720814,bitcoin whales ironclad hands data suggests 36 btc supply moved 6 months indicator bullish cycle set continue,2021-03-23T01:20:01.000Z,28,7,87,neu
#bitcoin,Cointelegraph,2207129125,720814,google searches bitcoin turkey exploded 24 hours turkish liras dropped 14 start revolution turkey reporting gregthomson88,2021-03-23T00:00:17.000Z,56,17,205,neu
#bitcoin,Cointelegraph,2207129125,720815,firm bitcoin etf skybridge capital latest company file,2021-03-22T19:30:13.000Z,13,5,76,neu
#bitcoin,Cointelegraph,2207129125,720814,bitcoin 900 12 months shares bitcoin mining firms 5000 period guess publicly traded companies,2021-03-22T19:15:01.000Z,12,4,65,neu
#bitcoin,Cointelegraph,2207129125,720815,bitcoin essentially substitute gold fed chair jerome powell,2021-03-22T14:07:33.000Z,119,26,520,neu
#bitcoin,Cointelegraph,2207129125,720815,oneinahundredyear event bitcoinn nthe head growth krakenfx danheld believes current market cycle 1m btc,2021-03-22T06:00:04.000Z,42,29,260,neu
#bitcoin,Cointelegraph,2207129125,720815,join tuesday 323 57 pm pt lablockchainsmts blockchainboozeu0001f37a host levychain chats wlrvs stacking sats easy bitcoin everyday thingsu0001f39fufe0f register free,2021-03-22T01:00:12.000Z,11,2,31,neu
#ethereum,Cointelegraph,2207129125,720815,hear news v3 1inchexchange gamechanger mitigating ethereum gas fees latest iteration adding optimizations split orders chunks dexs,2021-03-22T00:00:33.000Z,25,7,76,neu
#bitcoin,Cointelegraph,2207129125,720815,week indias minister finance confirmed plans shut innovations bitcoin,2021-03-21T21:00:14.000Z,52,17,198,neu
#bitcoin,Cointelegraph,2207129125,720814,oneinahundredyear event bitcoinn nthe head growth krakenfx danheld believes current market cycle 1m btc,2021-03-21T16:00:28.000Z,40,17,167,neu
#bitcoin,Cointelegraph,2207129125,720815,join tuesday 323 57 pm pt lablockchainsmts blockchainboozeu0001f37a host levychain chats wlrvs stacking sats easy btc everyday thingsregister free,2021-03-21T09:00:13.000Z,2,2,22,neu
#dogecoin,Cointelegraph,2207129125,720815,grumpy cat coin community donated 39 eth animal shelter coin pumping 1000 grumpy doge,2021-03-21T00:00:20.000Z,28,18,127,neu
#bitcoin,Cointelegraph,2207129125,720815,cftc slapped coinbase 65 fine fraudulent trade data falsified volume assets bitcoin ltc stock listing slipped month blockanalia reports,2021-03-20T17:37:03.000Z,59,18,157,neu
#ethereum,Cointelegraph,2207129125,720815,1inchexchange cofounder sergej kunz main pain point defi eth gas fees resolution ethis ethereum real obstacle keeping defi mass adoption find cointelegraphs latest interview,2021-03-20T17:12:34.000Z,31,25,112,neu
#bitcoin,Cointelegraph,2207129125,720815,oneinahundredyear event bitcoinn nthe head growth krakenfx danheld believes current market cycle 1m btc,2021-03-20T05:00:00.000Z,28,12,118,neu
#ethereum,Cointelegraph,2207129125,720816,march 26th ethereum record 115 billion eth options set expire noshitcoins data bulls edge 56 options worthless,2021-03-20T02:30:03.000Z,29,5,107,neu
#cardano,Cointelegraph,2207129125,720816,cardano hit 150 close dropping count ada exchange listing coinbase trick weekend planets align,2021-03-20T00:50:01.000Z,26,12,157,neu
#ethereum,Cointelegraph,2207129125,720816,wallets holding 10k eth declined 09 ethereum ready proofofstake update bullish sign,2021-03-20T00:00:17.000Z,12,5,92,neu
#bitcoin,Cointelegraph,2207129125,720816,deutsche bank release 18page study bitcoinn deutsche bank analyst btcs price continue rise asset managers companies continue enter market,2021-03-19T22:00:09.000Z,30,9,129,neu
#ethereum,Cointelegraph,2207129125,720816,grumpy cat coin community donated 39 eth animal shelter coin pumping 1000 grumpy doge,2021-03-19T21:00:10.000Z,23,14,93,neu
#ethereum,Cointelegraph,2207129125,720816,wallets holding 10k eth declined 09 ethereum ready proofofstake update bullish sign,2021-03-19T19:00:04.000Z,20,8,81,neu
#bitcoin,Cointelegraph,2207129125,720816,bitcoin reach 1 millionn nthe head growth krakenfx danheld believes current market cycle 1m btc,2021-03-19T17:00:26.000Z,56,17,286,neu
#bitcoin,Cointelegraph,2207129125,720816,deutsche bank release 18page study bitcoinn deutsche bank analyst btcs price continue rise asset managers companies continue enter market,2021-03-19T16:30:06.000Z,25,11,123,neu
#bitcoin,Cointelegraph,2207129125,720816,defi concepts appearing bsc 12 bitcoin mining hash rate backing synthetic token btcst2020 creating algorithmic btc backstopped newlymined bitcoin,2021-03-19T15:40:04.000Z,10,5,43,neu
#bitcoin,Cointelegraph,2207129125,720816,central banks governments understand bitcoin cryptos chere stayd deutsche bank,2021-03-19T10:00:03.000Z,202,29,593,neu
#bitcoin,Cointelegraph,2207129125,720816,april open signups bitcoin mining pool services english mandarin japanese,2021-03-19T09:53:33.000Z,16,7,46,neu
#bitcoin,Cointelegraph,2207129125,720816,cbitcoin supercycled propel btc 1m bitcoin survive crypto mass extinction event latest interview danheld,2021-03-19T09:00:02.000Z,4,4,32,neu
#bitcoin,Cointelegraph,2207129125,720816,cbitcoin supercycled propel btc 1 bitcoin survive crypto mass extinction event latest interview danheld,2021-03-19T02:00:30.000Z,6,3,39,neu
#bitcoin,Cointelegraph,2207129125,720817,meitu asias microstrategy chinese public listed firm spent 50 purchasing eth btc start institutional cycle led asia,2021-03-19T01:20:01.000Z,45,8,168,neu
#bitcoin,Cointelegraph,2207129125,720817,bank america slamming bitcoin btc performing asset ten years andrewfenton,2021-03-19T00:20:00.000Z,11,34,53,neu
#ethereum,Cointelegraph,2207129125,720817,messari analyst believes eth 20 update proofofstake ethereum flip bitcoin largest cryptoare ready ethereum king samuelhaig,2021-03-18T22:40:01.000Z,35,24,163,neu
#bitcoin,Cointelegraph,2207129125,720817,bitcoin payments invaded twitter bottlepay app users send btc tweet feature anytime,2021-03-18T22:00:32.000Z,41,5,146,neu
#bitcoin,Cointelegraph,2207129125,720817,cbitcoin supercycled propel btc 1 bitcoin survive crypto mass extinction event latest interview danheld,2021-03-18T21:00:06.000Z,4,2,28,neu
#cardano,Cointelegraph,2207129125,720817,wild weeks cardano coinbase listing ada shot 45 billion market cap break ath moves closer smart contract implementation cointelegraphmt,2021-03-18T20:10:00.000Z,25,8,122,neu
#ethereum,Cointelegraph,2207129125,720817,meitu asias microstrategy chinese public listed firm spent 50 purchasing eth btc start institutional cycle led asia,2021-03-18T19:30:01.000Z,24,5,112,neu
#bitcoin,Cointelegraph,2207129125,720817,bank america slamming bitcoin btc performing asset ten years andrewfenton,2021-03-18T19:00:14.000Z,11,7,40,neu
#ethereum,Cointelegraph,2207129125,720817,messari analyst believes eth 20 update proofofstake ethereum flip bitcoin largest cryptoare ready ethereum king samuelhaig,2021-03-18T18:00:00.000Z,24,23,111,neu
#bitcoin,Cointelegraph,2207129125,720817,heat amid changing guard vaneck patiently awaits decision bitcoin etf filing presence canadian etfs sway decision osatonomayo,2021-03-18T17:15:11.000Z,6,3,39,neu
#chainlink,Cointelegraph,2207129125,720817,chainlink price showing shortterm weakness noshitcoins explains network activity derivatives indicators signal link gearing move 40,2021-03-18T17:02:33.000Z,24,2,108,neu
#bitcoin,Cointelegraph,2207129125,720817,long bitcoin increase 100 takes 75 days analysts doubling time btc accelerate faster future,2021-03-18T12:45:05.000Z,21,9,72,neu
#bitcoin,Cointelegraph,2207129125,720817,vaneck bitcoin etf approved commission 45 days deliver initial response publishing filing website,2021-03-18T10:11:33.000Z,32,8,118,neu
#bitcoin,Cointelegraph,2207129125,720817,bitcoin revolution begun political parties affiliating btc libertarian party netherlands latest,2021-03-18T01:20:00.000Z,46,7,171,neu
#bitcoin,Cointelegraph,2207129125,720817,imagine bitcoin flipped cars teslas biggest profit makerthe company increase daily car sales 860 profits holding btc,2021-03-18T01:00:02.000Z,50,9,224,neu
#ethereum,Cointelegraph,2207129125,720817,krakenfx users stake half eth appears frictionless threeclick onboarding played major role growth ethereum staking platform benjaminpirus,2021-03-17T22:00:24.000Z,18,8,108,neu
#bitcoin,Cointelegraph,2207129125,720817,bitcoin revolution begun political parties affiliating btc libertarian party netherlands latest,2021-03-17T21:00:00.000Z,46,9,171,neu
#bitcoin,Cointelegraph,2207129125,720817,bitcoin options pricing traders bitcoin reach 80000 june explains noshitcoins,2021-03-17T20:09:03.000Z,25,8,132,neu
#bitcoin,Cointelegraph,2207129125,720817,signs mainstream bitcoin adoption time morgan stanley benjaminpirus reports,2021-03-17T18:40:33.000Z,19,9,96,neu
#ethereum,Cointelegraph,2207129125,720817,krakenfx users stake half eth appears frictionless threeclick onboarding played major role growth ethereum staking platform benjaminpirus,2021-03-17T16:45:02.000Z,7,4,32,neu
#bitcoin,Cointelegraph,2207129125,720817,brink bitcoins mass adoption ceo nydig robby gutmann thinks son nwhich gamechanging milestones predicting happen future mappopkcrypto,2021-03-17T16:30:34.000Z,15,10,62,neu
#bitcoin,Cointelegraph,2207129125,720817,bitcoin trading activity south korea grows kakao share jump 21 year,2021-03-17T10:15:02.000Z,7,3,35,neu
#ethereum,Cointelegraph,2207129125,720817,v3 1inchexchange gamechanger mitigating ethereum gas fees latest iteration adding trade optimizations split orders chunks dexs,2021-03-17T02:30:03.000Z,14,11,54,neu
#bitcoin,Cointelegraph,2207129125,720817,libertarian party earliest political groups accepting crypto bitcoin donations,2021-03-16T20:58:32.000Z,10,3,46,neu
#ethereum,Cointelegraph,2207129125,720817,ethereum users staked 500000 eth kraken benjaminpirus reports,2021-03-16T19:45:32.000Z,48,60,331,neu
#bitcoin,Cointelegraph,2207129125,720817,19 trillion stimulus package crypto markets survey mizuho securities 40 respondents invest directly btc stocks,2021-03-16T19:45:04.000Z,32,22,147,neu
#ethereum,Cointelegraph,2207129125,720817,57 eth hackers managed steal 11 tokens social platform tryrollhq creators hoping settlement 500k fund platform,2021-03-16T18:15:01.000Z,15,13,40,neu
#bitcoin,crypto,928759224599040001,306927,norway emerged worlds cashless society central bank governor people shouldnt start turning bitcoin alternative crypto cryptocurrency,2021-03-23T07:54:30.000Z,53,29,119,neu
#bitcoin,crypto,928759224599040001,306927,doesnt bitcoinedvanderwalt takes closer skeptics quicktakemore crypto,2021-03-22T00:23:09.000Z,67,25,144,neu
#bitcoin,crypto,928759224599040001,306927,regulators resisted bitcoin etfs change real thing 2021 crypto,2021-03-19T03:30:13.000Z,27,3,100,neu
#bitcoin,crypto,928759224599040001,306927,lived indias license raj proposed cryptocurrency ban work srajagopalan bopinionmore crypto bitcoin btc,2021-03-19T03:15:07.000Z,40,8,60,neu
#bitcoin,Excellion,14654494,125942,6 weeks ago time bitcoin 30k range levels 50k range therell point journey 100k leave return stack u0001f319,2021-03-23T04:59:15.000Z,134,3,879,neu
#bitcoin,Excellion,14654494,125942,dips ladder bitcoin,2021-03-23T02:34:35.000Z,11,0,183,neu
#bitcoin,Excellion,14654494,125942,elonmusk bitcoin price feed tesla dashboard,2021-03-23T00:11:21.000Z,10,2,206,neu
#bitcoin,Excellion,14654494,125942,stonk chart call bitcoin volatile bankofamerica,2021-03-19T03:50:58.000Z,101,4,524,neu
#dogecoin,Timccopeland,953233327238021120,17471,reddit dogecoin,2021-03-19T10:21:50.000Z,2,0,12,neu
#bitcoin,cz_binance,902926941413453824,1227334,discussions time year ago 3 years time bunch people bitcoin halving impact price save tweet future reference,2021-03-23T10:40:48.000Z,538,385,3395,neu
#bitcoin,cz_binance,902926941413453824,1227334,buy bitcoin poor financial advice,2021-03-22T06:54:39.000Z,1361,1130,8725,neu
#ethereum,cz_binance,902926941413453824,1227332,eth market cap 5x bnb nowi shill bsc projects,2021-03-21T07:00:44.000Z,964,2104,6086,neu
#binance coin,cz_binance,902926941413453824,1227334,eth market cap 5x bnb nowi shill bsc projects,2021-03-21T07:00:44.000Z,964,2104,6086,neu
#bitcoin,cz_binance,902926941413453824,1227335,buy bitcoin handle fiat volatility1btc 1btc,2021-03-20T13:08:43.000Z,878,504,6832,neu
#bitcoin,cz_binance,902926941413453824,1227335,btc topnot financial advice,2021-03-20T07:13:42.000Z,953,770,7650,neu
#binance coin,cz_binance,902926941413453824,1227335,exchanges asked supportlist bscbnb 3rd market cap coin largest defi ecosystem kinda binancemy advice inclusive exclusive,2021-03-19T03:41:39.000Z,382,505,2936,neu
#binance coin,cz_binance,902926941413453824,1227335,remember donnycrypto tweeted year bnb steal 25 bnb 18 time find tweet nft,2021-03-18T16:45:34.000Z,216,359,2276,neu
#bitcoin,cz_binance,902926941413453824,1227335,joke cryptoif missed 200 dollar range btc 2015ish despair bnb 270 todaynot financial advice leave tweet future reference,2021-03-18T16:32:35.000Z,1583,949,9199,neu
#binance coin,cz_binance,902926941413453824,1227335,joke cryptoif missed 200 dollar range btc 2015ish despair bnb 270 todaynot financial advice leave tweet future reference,2021-03-18T16:32:35.000Z,1583,949,9199,neu
#binance coin,cz_binance,902926941413453824,1227335,bsc ath tx volumes bnb u0001f914,2021-03-17T15:51:17.000Z,359,294,2495,neu
#bitcoin,woonomic,13418472,355854,2015 gt 2017 bull marketnmaking namedensity map coin supply price moved bitcoin,2021-03-23T09:17:01.000Z,83,58,803,neu
#bitcoin,woonomic,13418472,355854,bitcoin free fail,2021-03-19T16:20:29.000Z,589,179,5347,neg
#bitcoin,woonomic,13418472,355854,tale 3 chartsfrom march 2020 bitcoin undergoes steep continued supply shock sync usd money printing1 speculative inventory exchanges deplete,2021-03-19T02:31:42.000Z,413,69,1818,neu
#bitcoin,aantonop,1469101279,573049,bitcoin ethereum lightningnetwork node running,2021-03-31T02:00:11.000Z,21,6,89,neu
#ethereum,aantonop,1469101279,573049,bitcoin ethereum lightningnetwork node running,2021-03-31T02:00:11.000Z,21,6,89,neu
#bitcoin,aantonop,1469101279,573049,qampa livestream join learn crypto bitcoin open blockchains,2021-03-28T17:00:21.000Z,6,0,47,neu
#bitcoin,aantonop,1469101279,573049,months open topic qampa livestream starts 30min ill answering questions bitcoin ethereum lightningnetwork join chat,2021-03-28T16:30:09.000Z,12,1,47,neu
#ethereum,aantonop,1469101279,573049,months open topic qampa livestream starts 30min ill answering questions bitcoin ethereum lightningnetwork join chat,2021-03-28T16:30:09.000Z,12,1,47,neu
#bitcoin,aantonop,1469101279,573049,forget tomorrow months qampa livestream top voted topics include bitcoin energy consumption transaction fees set reminder,2021-03-27T20:00:09.000Z,18,9,83,neu
#bitcoin,aantonop,1469101279,573049,pay bitcoin transaction fees learn replace fee child pays parent fee management features wallet,2021-03-26T08:00:09.000Z,16,2,76,neu
#bitcoin,aantonop,1469101279,573049,bitcoin wondering matters watch crypto,2021-03-25T20:00:14.000Z,57,6,195,neu
#bitcoin,aantonop,1469101279,573049,comments video short sweet point clear learn stuck bitcoin transactions 5 minutes,2021-03-25T08:00:08.000Z,12,4,75,neu
#bitcoin,aantonop,1469101279,573049,flying standby doesnt aviation bitcoin crypto airplane,2021-03-24T14:01:09.000Z,14,6,112,neu
#bitcoin,ErikVoorhees,61417559,434171,profit motive capitalism bitcoin acceleration green energy governmental panel accord statists pleased,2021-03-25T02:30:47.000Z,102,37,637,neu
#bitcoin,tyler,24222556,593495,government ban bitcoin questions asked answered regulators courts decade ship sailed,2021-03-27T18:01:04.000Z,1092,524,7746,neu
#bitcoin,tyler,24222556,593495,marijuana thing boomers wrong glad york correcting misguided laws wasted tax payer money destroyed lives boomers dollar wrong god bitcoin,2021-03-26T20:13:55.000Z,207,151,1813,neu
#bitcoin,tyler,24222556,593495,temasek 306 billion singapore sovereign wealth fund stacking bitcoin 2018 central banks,2021-03-25T13:04:21.000Z,578,109,2417,neu
#bitcoin,tyler,24222556,593495,ridicule vitriol leveled nfts today traditional art reminiscent wall street central bankers spoke bitcoin 10 years ago story unfolding,2021-03-24T21:48:34.000Z,251,152,1693,neu
#bitcoin,tyler,24222556,593495,great celebrities lala start discover bitcoin hedge chaos uncertainty today btc protection government money printing oncoming inflation aboard gemini la la,2021-03-24T16:49:05.000Z,67,65,571,neu
#bitcoin,tyler,24222556,593495,buy tesla bitcoin,2021-03-24T12:38:12.000Z,484,238,5468,neu
#bitcoin,cameron,250980843,427763,story tyler bitcoin tech meetupjust kiddingit ibiza 2012,2021-03-30T17:49:16.000Z,83,81,864,neu
#bitcoin,cameron,250980843,427763,bitcoin cancelproof,2021-03-28T18:17:21.000Z,221,154,2473,neu
#bitcoin,cameron,250980843,427763,talk raydalio bitcoin properties gold outlawing decentralized software problem requires essentially outlaw internet,2021-03-27T17:13:06.000Z,180,250,1387,neu
#bitcoin,cameron,250980843,427763,tesla plans hodl bitcoinpaid cars,2021-03-24T13:09:52.000Z,232,112,2772,neu
#bitcoin,Cointelegraph,2207129125,734737,70k bitcoin paypals longawaited cryptocurrency payment feature customers propelled btc price 59000 start leg,2021-03-31T00:40:01.000Z,46,11,184,neu
#bitcoin,Cointelegraph,2207129125,734737,oneinfour circulating bitcoin changed hands q2 2020 q1 2021 glassnodes report number longterm btc holders continues increase,2021-03-31T00:20:01.000Z,6,1,41,neu
#bitcoin,Cointelegraph,2207129125,734737,aboard gains train bitcoins market capitalization surpassed 11 trillion mark reach 2 trillion reporting osatonomayo,2021-03-30T23:00:09.000Z,12,6,83,neu
#xrp,Cointelegraph,2207129125,734737,ripple agreed acquire 40 stake crossborder payments firm tranglo expand ondemand liquidity service southeast asia good news xrp holders,2021-03-30T20:15:04.000Z,24,11,85,neu
#bitcoin,Cointelegraph,2207129125,734737,70k bitcoin paypals longawaited cryptocurrency payment feature customers propelled btc price 59000 start leg,2021-03-30T19:50:01.000Z,39,7,173,neu
#ethereum,Cointelegraph,2207129125,734737,trading leveraged ethereum contracts yield positive noshitcoins explains pro traders iron condor options strategy profit downside risk,2021-03-30T18:32:04.000Z,8,5,34,neu
#bitcoin,Cointelegraph,2207129125,734737,oneinfour circulating bitcoin changed hands q2 2020 q1 2021 glassnodes report number longterm btc holders continues increase,2021-03-30T18:30:11.000Z,9,0,41,neu
#bitcoin,Cointelegraph,2207129125,734737,bitcoin inching closer alltime highs dollar gold,2021-03-30T16:38:33.000Z,62,12,258,neu
#bitcoin,Cointelegraph,2207129125,734737,sports team bitcoin hodler major league baseballs oakland athletics intends btc fans pay luxury seats ballpark teams imitate formula,2021-03-30T16:00:24.000Z,7,3,67,neu
#ethereum,Cointelegraph,2207129125,734737,yield farming blockchains ethereum flamingo defi platform built neo steady growth launch zerofee transaction feature attracted users tired high gas fees,2021-03-30T15:00:58.000Z,9,1,26,neu
#bitcoin,Cointelegraph,2207129125,734737,digital ruble minimal risk compared cryptocurrencies bitcoin russian state dumas anatoly aksakov,2021-03-30T10:03:33.000Z,4,15,25,neu
#bitcoin,Cointelegraph,2207129125,734738,stablecoin holdings global crypto exchanges soared ath inflows sign bullish action btc,2021-03-29T23:00:16.000Z,6,7,62,neu
#ethereum,Cointelegraph,2207129125,734738,big news visa piloting program partners ethereum blockchain settle transactions fiat arrived future,2021-03-29T21:40:01.000Z,98,21,438,neu
#bitcoin,Cointelegraph,2207129125,734738,printer brrr bitcoin stimulus checks arrive analysts choose invest assets btc propel bull april reporting cointelegraphmt,2021-03-29T20:45:03.000Z,29,3,98,neu
#ethereum,Cointelegraph,2207129125,734738,pancakeswap flip uniswap binance smart chainbased dex overthrow current leaders space users escape high fees ethereum bullish cake reporting cointelegraphmt,2021-03-29T20:30:19.000Z,25,22,127,neu
#bitcoin,Cointelegraph,2207129125,734738,bitcoin hodlers ironclad hands onchain data suggests traders bought btc previous bull cycle sell bags bullish market enters april reporting cointelegraphmt,2021-03-29T20:15:00.000Z,16,10,63,neu
#bitcoin,Cointelegraph,2207129125,734738,stablecoin holdings global crypto exchanges soared ath inflows sign bullish action bitcoin,2021-03-29T18:30:18.000Z,8,5,56,neu
#ethereum,Cointelegraph,2207129125,734738,uniswaps massive daily fee generation appears ethereums exorbitant gas prices equation,2021-03-29T16:15:07.000Z,15,4,56,neu
#bitcoin,Cointelegraph,2207129125,734738,game boy stack sats security researcher adapt nintendo console released 1989 mine bitcoin play games mine btc reporting onceatraveler,2021-03-29T15:45:01.000Z,17,10,54,neu
#bitcoin,Cointelegraph,2207129125,734738,bitcoin hodlers ironclad hands onchain data suggests traders bought btc previous bull cycle sell bags bullish market enters april reporting cointelegraphmt,2021-03-29T15:00:40.000Z,8,4,46,neu
#bitcoin,Cointelegraph,2207129125,734738,growing stablecoin holdings dropping exchange stablecoin ratio point upward move bitcoin,2021-03-29T12:26:03.000Z,15,11,72,neu
#bitcoin,Cointelegraph,2207129125,734738,airline accept bitcoin payment tickets 2014 ether dogecoin supported cryptocurrencies,2021-03-29T12:13:32.000Z,89,19,316,neu
#bitcoin,Cointelegraph,2207129125,734738,bitcoin 400000 mikemcglone11 senior commodity strategist bloomberg intelligence believes btc exponential price growth 2021 equally bullish,2021-03-29T10:00:12.000Z,43,23,179,neu
#bitcoin,Cointelegraph,2207129125,734738,nonsense currency fomo billionaire investor ystein stray spetalen bitcoin,2021-03-29T09:23:32.000Z,22,9,103,neu
#bitcoin,Cointelegraph,2207129125,734738,bitcoin mined clean energy argoblockchain intends launch ecofriendly mining pool partnership dmg blockchain reporting gregthomson88,2021-03-29T02:00:32.000Z,22,13,60,neu
#bitcoin,Cointelegraph,2207129125,734738,cybersecurity chief calls stringent oversight cryptocurrencies bitcoin order cut ransomware attacks blockanalia reports,2021-03-27T18:21:03.000Z,17,12,65,neu
#bitcoin,Cointelegraph,2207129125,734738,pension funds zealand wealth funds management invested 5 350 retirement plan bitcoin firm believes invest gold btc,2021-03-27T15:00:30.000Z,89,9,315,neu
#bitcoin,Cointelegraph,2207129125,734738,bitcoin 400000 bloombergs mikemcglone11 senior commodity strategist bloomberg intelligence believes btc exponential price growth 2021,2021-03-27T06:30:06.000Z,91,18,299,neu
#bitcoin,Cointelegraph,2207129125,734738,google searches bitcoin emanating turkey exploded 24 hours turkish lira dropped 14 firing central bank governor,2021-03-27T05:30:05.000Z,70,23,381,neu
#ethereum,Cointelegraph,2207129125,734738,wow 9998 drop ethereum energy consumption eth1 eth2 developers actively working merge promising news making reality,2021-03-27T00:20:01.000Z,86,14,351,neu
#bitcoin,Cointelegraph,2207129125,734738,zealand wealth funds management invested 5 350 retirement plan bitcoin firm believes invest gold btc pension funds,2021-03-26T21:20:01.000Z,70,14,312,neu
#ethereum,Cointelegraph,2207129125,734738,wow 9998 drop ethereum energy consumption eth1 eth2 developers actively working merge promising news making reality,2021-03-26T18:45:03.000Z,88,26,356,neu
#bitcoin,Cointelegraph,2207129125,734738,bitcoin mined clean energy argoblockchain intends launch ecofriendly mining pool partnership dmgblockchain reporting gregthomson88,2021-03-26T17:30:23.000Z,11,6,60,neu
#bitcoin,Cointelegraph,2207129125,734738,zealand wealth funds management invested 5 350 retirement plan bitcoin firm believes invest gold btc pension funds,2021-03-26T16:15:07.000Z,62,8,226,neu
#bitcoin,Cointelegraph,2207129125,734738,hodl btc wife man deeply invested bitcoin abandoned partner failing sell 60k buying dip reporting gregthomson88,2021-03-26T08:40:01.000Z,38,59,259,neu
#solana,Cointelegraph,2207129125,734738,solana foundation raised 40 okex mxc launch strategic investment funds designed fuel ecosystems expansion lead development solana blockchain,2021-03-26T03:45:00.000Z,8,2,38,neu
#bitcoin,Cointelegraph,2207129125,734738,hodl btc wife man deeply invested bitcoin abandoned partner failing sell 60k buying dip reporting gregthomson88,2021-03-26T03:00:01.000Z,14,32,94,neu
#bitcoin,Cointelegraph,2207129125,734738,crypto mining companies hit fall bitcoins price shares riot blockchain popular btc mining firm 144 thursday,2021-03-26T02:15:01.000Z,8,5,37,neu
#bitcoin,Cointelegraph,2207129125,734738,kiwisaver growth strategy bought bitcoin 10000 october investments fivefold,2021-03-25T21:58:33.000Z,34,1,131,neu
#bitcoin,Cointelegraph,2207129125,734738,bitcoin etf fidelity latest company file tides changing states,2021-03-25T21:20:01.000Z,18,4,111,neu
#ethereum,Cointelegraph,2207129125,734738,high ethereum gas fees shutting emerging markets developed economies dominate traffic rankings top defi protocols tvl compared 10 engagement developing countries reporting samuelhaig,2021-03-25T18:00:00.000Z,4,8,39,neu
#bitcoin,Cointelegraph,2207129125,734738,rejecting bitcoin abandoning dollar hashcash ceo raj chowdry believes india currency country bans crypto reporting gregthomson88,2021-03-25T17:15:09.000Z,14,4,42,neu
#bitcoin,Cointelegraph,2207129125,734738,bitcoin cash worth btc terms tesla warns customers send,2021-03-25T09:41:03.000Z,25,9,117,neu
#bitcoin cash,Cointelegraph,2207129125,734738,bitcoin cash worth btc terms tesla warns customers send,2021-03-25T09:41:03.000Z,25,9,117,neu
#bitcoin,Cointelegraph,2207129125,734738,stack sats cashback platforms trylolli popular bitcoin rewards app raised 5 investors including serena williams reddit cofounder alexis ohanian,2021-03-25T05:00:10.000Z,5,2,30,neu
#bitcoin,Cointelegraph,2207129125,734738,stack sats cashback platforms trylolli popular bitcoin rewards app raised 5 investors including serenawilliams reddit cofounder alexis ohanian,2021-03-25T02:45:01.000Z,5,3,36,neu
#ethereum,Cointelegraph,2207129125,734738,ethereum gas fees lower muchawaited eip1559 update reduce fees report coin metrics increase eth price continuous uptrend transaction cost,2021-03-24T22:00:25.000Z,12,6,58,neu
#ethereum,Cointelegraph,2207129125,734738,ethereum gas fees lower muchawaited eip1559 update reduce fees report coin metrics increase eth price continuous uptrend transaction cost,2021-03-24T20:30:24.000Z,33,35,116,neu
#bitcoin,Cointelegraph,2207129125,734738,sign crypto officially arrived mainstream tesla accepting bitcoin customers,2021-03-24T16:30:31.000Z,64,6,234,neu
#harmony,Cointelegraph,2207129125,734738,90 vortecs scores high confidence strong historical similarities current market conditions positive correlation subsequent price action great harmony thread,2021-03-24T15:13:55.000Z,14,6,66,neu
#bitcoin,crypto,928759224599040001,315519,bitcoin babe ruth major sports memorabilia auction house accepts cryptocurrency crypto nft,2021-03-31T03:30:09.000Z,10,2,37,neu
#bitcoin,crypto,928759224599040001,315519,danschulman ceo paypal payment giants checkout crypto service buy boots pypl crypto bitcoin,2021-03-31T02:58:00.000Z,38,6,108,neu
#bitcoin,crypto,928759224599040001,315519,lambo year jespow ceo founder cryptocurrency exchange kraken speaks emilychangtv sonalibasak high thinks bitcoin crypto,2021-03-31T00:22:59.000Z,63,29,155,neu
#bitcoin,crypto,928759224599040001,315519,congrats bitcoin profits handle taxman bopinion crypto,2021-03-29T03:06:17.000Z,53,26,163,neu
#bitcoin,crypto,928759224599040001,315519,dawn fitzpatrick head legendary asset management shop sees inflection point bitcoin cryptocurrencies soros fund management cio mysterious response asked owns bitcoin crypto,2021-03-26T03:30:00.000Z,76,28,211,neu
#filecoin,PhilakoneCrypto,715133222976270336,108869,work today intense 5 hours hunting top trades extremely patience executing precision nailed chr fil fuck yeah baby whales,2021-03-26T23:43:23.000Z,0,8,58,neu
#filecoin,PhilakoneCrypto,715133222976270336,108869,2 minute trade filusdt 280 usd earlier trade chr 400 usd time record 850 cad,2021-03-26T23:29:25.000Z,0,2,13,neu
#bitcoin,Excellion,14654494,126226,pension funds provide pensioners buy bitcoin,2021-03-28T22:35:05.000Z,94,6,819,neu
#bitcoin,Excellion,14654494,126226,bitcoin,2021-03-26T08:00:47.000Z,18,1,136,neu
#bitcoin,Excellion,14654494,126226,buy infinitefleet ships bitcoin,2021-03-25T06:13:23.000Z,17,3,139,neu
#bitcoin,iamjosephyoung,2272640503,131563,differences 2017 bitcoin rally 2020 tether fud exchanges regulated india fud longer effective china fud longer effective regulation asia conviction longtime hodlers alltime low btc exchange reserves explosive institutional demand,2021-03-31T00:40:56.000Z,182,40,1121,neu
#bitcoin,iamjosephyoung,2272640503,131563,october 2020 paypal rally march 2021 visa rally major financial institutions havent onboarded cryptocurrencies bitcoin,2021-03-29T12:33:18.000Z,45,16,321,neu
#bitcoin,iamjosephyoung,2272640503,131563,started gt bitcoin,2021-03-29T09:02:18.000Z,222,28,1063,neu
#bitcoin,iamjosephyoung,2272640503,131563,supply crisis continuum bitcoin,2021-03-24T17:34:24.000Z,94,15,514,neu
#bitcoin,cz_binance,902926941413453824,1283907,number 300xx opened homepage 29961 dip bnb btc financial advice,2021-03-30T17:46:50.000Z,441,27,2931,neu
#binance coin,cz_binance,902926941413453824,1283907,number 300xx opened homepage 29961 dip bnb btc financial advice,2021-03-30T17:46:50.000Z,441,27,2931,neu
#bitcoin,cz_binance,902926941413453824,1283907,dip financial advice btc bnb,2021-03-29T15:08:33.000Z,891,839,6191,neu
#binance coin,cz_binance,902926941413453824,1283907,dip financial advice btc bnb,2021-03-29T15:08:33.000Z,891,839,6191,neu
#bitcoin,cz_binance,902926941413453824,1283907,time worried bitcoin 8 years ago read white paper attending bitcoin conference quit job sold house dove looked financial advice,2021-03-28T06:57:02.000Z,1494,704,10177,neu
#bitcoin,cz_binance,902926941413453824,1283907,bitcoin closer 0 1000000 interpret ways mine early financial advice,2021-03-27T04:39:01.000Z,863,606,6201,neu
#bitcoin,cz_binance,902926941413453824,1283907,bitcoin trillion feels wrong financial advice,2021-03-25T15:59:43.000Z,680,741,6920,neu
#binance coin,cz_binance,902926941413453824,1283907,people bnb price move big positive news people bnb price apparent reason,2021-03-25T14:58:00.000Z,158,22,1553,neu
#binance coin,cz_binance,902926941413453824,1283907,tesla bnb,2021-03-24T09:59:30.000Z,824,1135,8387,neu
#bitcoin,woonomic,13418472,366933,nz kiwisaver pension fund growth strategy green boner yeah bought small allocation bitcoin q4 2020,2021-03-26T10:36:49.000Z,318,70,2201,neu
#bitcoin,SatoshiLite,14338147,915440,litecoin rebranding bitcoinlite bitcoinlite satoshi nakamoto intended bitcoinlite bitcoinlitefam,2021-04-01T14:32:43.000Z,307,310,1793,neu
#bitcoin,aantonop,1469101279,575558,explain difference replace fee child pays parent cases asked answer bitcoin btc,2021-04-04T15:15:03.000Z,9,5,62,neu
#bitcoin,aantonop,1469101279,575558,bitcoin video cryptocurrency crypto,2021-04-04T09:05:11.000Z,49,16,211,neu
#bitcoin,aantonop,1469101279,575558,voting blockchain technology hosts speakingofbitcoin discuss listen bitcoin blockchainvoting democracy,2021-04-03T19:20:08.000Z,14,6,87,neu
#ethereum,aantonop,1469101279,575558,learn defi watch video answered 9 questions ethereum,2021-04-03T16:03:09.000Z,19,3,96,neu
#bitcoin,aantonop,1469101279,575558,running node target address security concerns running node qampa crypto bitcoin,2021-04-03T00:35:05.000Z,22,6,93,neu
#ethereum,aantonop,1469101279,575558,talked nft expire video ethereum nfts nftcollectibles,2021-04-02T19:30:18.000Z,9,1,54,neu
#ethereum,aantonop,1469101279,575558,masteringethereum ya est disponible en espaol en la tienda de aantonop por favor aydenme difundir este mensaje entre las comunidades de habla hispana las pudieran formar parte ethereum,2021-04-02T15:40:17.000Z,10,1,33,neu
#bitcoin,aantonop,1469101279,575558,bitcoin matter lambos teslas video remind watch share cryptocurrency crypto btc newtobitcoin,2021-04-02T14:45:03.000Z,36,8,147,neu
#bitcoin,aantonop,1469101279,575558,person life crypto facts bitcoin,2021-04-02T02:00:10.000Z,46,2,173,neu
#bitcoin,ErikVoorhees,61417559,436922,spoke jon caldara independent institute good 1 hr video recommend skeptical fed banking establishment unsure bitcoin independentinst finance endthefed usd liberty,2021-04-04T18:51:26.000Z,7,6,49,neu
#bitcoin,tyler,24222556,604102,happy belated birthday satoshi nakamoto 46 years young yesterday bitcoin contribution individual freedom impactful printing press personal computer early open internet,2021-04-06T15:01:29.000Z,513,183,4338,neu
#bitcoin,tyler,24222556,604102,big news gemini serve custodian trade execution partner btgpdigitals bitcoin 20 multimarket investment fund bitcoin fund launched brazilian investment bank onward,2021-04-05T20:03:35.000Z,120,61,885,neu
#bitcoin,tyler,24222556,604102,bank bashes bitcoin exposure gemini,2021-04-01T13:26:56.000Z,40,57,401,neu
#bitcoin,cameron,250980843,435799,excited gemini custodian trade execution partner btg pactual btgpdigital bitcoin 20 multimarket investment fund btc fund launched brazilian investment bank,2021-04-06T15:01:36.000Z,51,28,459,neu
#bitcoin,Cointelegraph,2207129125,755554,coinbase invested seed money bitcoin data circulating social media reveals coinbases 800million profits q1 company 2 billion buying btc,2021-04-07T15:30:17.000Z,9,7,64,neu
#bitcoin,Cointelegraph,2207129125,755554,ukbased argo blockchain recorded highest revenue rest catch asian miners report china responsible 75 bitcoin mining,2021-04-07T15:15:08.000Z,13,11,44,neu
#bitcoin,Cointelegraph,2207129125,755554,governments implement progressive crypto regulations goldman sachs actively searches ways provide bitcoin exposure clients ceo predicted big evolution regulatory environment,2021-04-07T15:00:12.000Z,12,6,52,neu
#polkadot,Cointelegraph,2207129125,755554,polkadot thirdlargest futures market surpassing litecoin xrp open interest climbed record high 1 billion bullish bearish dot reporting cointelegraphmt,2021-04-07T14:44:01.000Z,21,0,113,neu
#bitcoin,Cointelegraph,2207129125,755554,bullish april great start bitcoins market cap stayed 1 trillion longest period onchain data suggests people hodling btc positive price action,2021-04-07T05:20:01.000Z,12,12,87,neu
#bitcoin,Cointelegraph,2207129125,755554,glassnode reports 198 btc moved onchain market cap bitcoin held strong 1 trillion ten days future price btc,2021-04-07T01:40:01.000Z,14,6,85,neu
#polkadot,Cointelegraph,2207129125,755554,tether coming polkadot oldest popular stablecoin deployed polkadot blockchain platform implemented parachain shards bullish dot,2021-04-06T20:15:08.000Z,23,6,150,neu
#bitcoin,Cointelegraph,2207129125,755554,youve wanted bitcoin trading confidence skills book read,2021-04-06T17:26:33.000Z,9,9,53,neu
#bitcoin,Cointelegraph,2207129125,755554,bitcoin ready major rally analysis possibility strong breakout foreseeable future btc stays 57046 continues test 60000 resistance reporting cointelegraphmt,2021-04-06T15:00:32.000Z,13,6,75,neu
#bitcoin,Cointelegraph,2207129125,755554,bitcoin crush market cap gold analyst ark invest believes btc comfortably eclipse 10t market cap gold,2021-04-06T02:45:01.000Z,30,9,156,neu
#bitcoin,Cointelegraph,2207129125,755554,bitcoin crush market cap gold analyst ark invest believes btc comfortably eclipse 10t market cap gold,2021-04-05T23:40:01.000Z,27,12,123,neu
#bitcoin,Cointelegraph,2207129125,755554,quest bitcoin etf continues grayscale latest firm renew push btc etf,2021-04-05T22:20:01.000Z,23,11,105,neu
#bitcoin,Cointelegraph,2207129125,755554,bitcoin 60k analysts forward coinbbase ipo event boost bullish sentiments btc leg reporting cointelegraphmt,2021-04-05T19:00:28.000Z,5,12,46,neu
#bitcoin,Cointelegraph,2207129125,755554,gamestop sell 35 shares gme bitcoin find gamestop balance sheet,2021-04-05T17:00:08.000Z,3,3,37,neu
#ethereum,Cointelegraph,2207129125,755554,ether wedding california couple immortalized marriage issuing tokenized rings ethereum blockchain wedding nfts replace diamond rings,2021-04-05T16:30:32.000Z,15,10,94,neu
#ethereum,Cointelegraph,2207129125,755554,ethereum 26k bulls wrestling bears push price 214459 overhead resistance zone result alltime high eth reporting cointelegraphmt,2021-04-05T14:15:09.000Z,10,4,83,neu
#bitcoin,Cointelegraph,2207129125,755554,bitcoin 60k analysts forward coinbbase ipo event boost bullish sentiments btc leg reporting cointelegraphmt,2021-04-05T14:00:37.000Z,11,5,45,neu
#bitcoin,Cointelegraph,2207129125,755554,ebonex supports number cryptocurrencies including bitcoin ether usdt,2021-04-05T13:50:33.000Z,5,4,40,neu
#bitcoin,Cointelegraph,2207129125,755554,history repeat bitcoin trading higher price south korea compared major markets time price difference reached 20 btc violent correction reporting cointelegraphmt,2021-04-05T13:45:01.000Z,11,9,55,neu
#bitcoin,Cointelegraph,2207129125,755554,bitcoin leave gold digital dust btcs relative gold doubled months sevenfold october year,2021-04-05T04:40:00.000Z,48,20,175,neu
#bitcoin,Cointelegraph,2207129125,755554,btc etfs canada firm 3iqcorp filed prospectus bitcoin etf pending approval trading early april tsxtsxv,2021-04-04T22:00:32.000Z,41,8,152,neu
#bitcoin,Cointelegraph,2207129125,755554,bitcoin leave gold digital dust btcs relative gold doubled months sevenfold october year,2021-04-04T09:00:21.000Z,45,14,203,neu
#bitcoin,Cointelegraph,2207129125,755554,regulatory environment surrounding bitcoin shakeup chair jay clayton believes regulations directly indirectly,2021-04-04T08:00:01.000Z,18,20,99,neu
#elrond,Cointelegraph,2207129125,755554,great bullish conditions markets pro vortecs score 24hour chart vortecs identified increasingly bullish conditions elrond day progressed thread elrond egld,2021-04-03T12:39:35.000Z,13,6,90,neu
#bitcoin,Cointelegraph,2207129125,755554,bitcoin etfs canada firm 3iqcorp filed prospectus btc etf pending approval trading early april tsxtsxv,2021-04-03T05:00:31.000Z,23,11,79,neu
#ethereum,Cointelegraph,2207129125,755554,ethereum gamechanger mcuban smart contracts decentralized governance model sold cuban eth,2021-04-03T02:45:01.000Z,18,6,139,neu
#bitcoin,Cointelegraph,2207129125,755554,grayscale losing ground canadas bitcoin etf shares grayscales bitcoin trust traded discount entire month march continue,2021-04-03T02:15:01.000Z,6,4,50,neu
#bitcoin,Cointelegraph,2207129125,755554,bitcoin etfs canada firm 3iqcorp filed prospectus btc etf pending approval trading early april tsxtsxv,2021-04-03T01:00:05.000Z,14,7,65,neu
#elrond,Cointelegraph,2207129125,755554,great vortecs score cointelegraph markets pro finding bullish conditions demonstrating emotion expect algorithm thread elrond egld,2021-04-02T18:35:37.000Z,9,4,49,neu
#bitcoin,Cointelegraph,2207129125,755554,grayscale losing ground canadas bitcoin etf shares grayscales bitcoin trust traded discount entire month march continue,2021-04-02T18:15:01.000Z,9,4,50,neu
#ethereum,Cointelegraph,2207129125,755554,ethereum gamechanger mcuban smart contracts decentralized governance model sold cuban eth,2021-04-02T17:45:01.000Z,25,12,130,neu
#bitcoin,Cointelegraph,2207129125,755554,cryptocurrency banned china central bank strong interest cbdc project fueled bitcoins surge,2021-04-02T17:30:10.000Z,9,5,55,neu
#bitcoin,Cointelegraph,2207129125,755554,regulatory environment surrounding bitcoin shakeup chair jay clayton believes regulations directly indirectly,2021-04-02T15:45:03.000Z,11,7,49,neu
#bitcoin,Cointelegraph,2207129125,755554,morgan stanley appears dipped toes crypto waters firm seeks gain potential exposure bitcoin grayscale massive institutions follow lead,2021-04-02T00:20:01.000Z,43,10,163,neu
#bitcoin,Cointelegraph,2207129125,755554,indias biggest marketplace trolling crypto enthusiasts suspicious flipkarts announcement accept bitcoin payments company record pranking customers april fools day,2021-04-01T21:20:01.000Z,8,4,39,neu
#bitcoin,Cointelegraph,2207129125,755554,bullish bitcoin rally btc closed consecutive monthly green candles time april 2013 history repeat parabolic gains,2021-04-01T21:00:00.000Z,28,5,113,neu
#bitcoin,Cointelegraph,2207129125,755554,rumors true morgan stanley broadening institutional exposure bitcoin,2021-04-01T19:19:03.000Z,58,13,255,neu
#bitcoin,Cointelegraph,2207129125,755554,laa laa bitcoin popular childrens teletubbies cryptic tweet teasing big btc generation kids singing rhymes satoshi,2021-04-01T16:30:31.000Z,10,6,48,neu
#bitcoin,Cointelegraph,2207129125,755255,bullish bitcoin rally btc closed consecutive monthly green candles time april 2013 history repeat parabolic gains,2021-04-01T16:00:55.000Z,19,6,78,neu
#binance coin,Cointelegraph,2207129125,755554,major breakout waiting analysis bulls buying dip binance coin turned green 24 hours bulls price 315 bnb 348,2021-04-01T14:30:33.000Z,8,6,44,neu
#binance coin,Cointelegraph,2207129125,755554,major breakout waiting analysis bulls buying dip binance coin turned green 24 hours bulls price 315 bnb 348,2021-04-01T09:20:00.000Z,23,10,76,neu
#bitcoin,Cointelegraph,2207129125,755554,careful scam crypto app appearing apples app store user lost entire life savings btc,2021-04-01T00:20:01.000Z,49,35,114,neu
#bitcoin,Cointelegraph,2207129125,755554,regulations coming mining industry marathon digital holdings shifting calls north american bitcoin mining pool fully compliant regulations,2021-03-31T23:20:01.000Z,13,5,54,neu
#bitcoin,Cointelegraph,2207129125,755554,blockstream mining note security token entered chat tokens alternative investing btc mining stocks,2021-03-31T22:40:01.000Z,9,3,35,neu
#bitcoin,Cointelegraph,2207129125,755554,blackrocks bitcoin futures represent roughly 000142 firms global allocation fund 612 btc,2021-03-31T21:46:05.000Z,16,13,93,neu
#bitcoin,Cointelegraph,2207129125,755554,bitcoin worth years krakens ceo believes btc lambo 2022 bugatti 2023 optimistic longterm prospects crypto,2021-03-31T21:40:01.000Z,17,8,115,neu
#ethereum,Cointelegraph,2207129125,755554,2000 eth ether making higher lows 2021 current trend 1800 bottom april bullish ethereum reporting cointelegraphmt,2021-03-31T20:30:15.000Z,29,16,157,neu
#bitcoin,Cointelegraph,2207129125,755554,twitter users claimed flipkarts acceptance bitcoin payments true threatening uninstall app company revealed april fools day prank,2021-03-31T19:52:03.000Z,5,7,42,neu
#bitcoin,Cointelegraph,2207129125,755554,blockstream mining note security token entered chat tokens alternative investing bitcoin mining stocks,2021-03-31T19:45:05.000Z,6,10,42,neu
#bitcoin,Cointelegraph,2207129125,755554,foundry digital chain capital blockcap bright future vies north american bitcoin mining dominance,2021-03-31T19:01:06.000Z,2,2,21,neu
#bitcoin,Cointelegraph,2207129125,755554,bitcoin worth years krakens ceo believes btc lambo 2022 bugatti 2023 optimistic longterm prospects crypto,2021-03-31T18:30:20.000Z,26,20,120,neu
#bitcoin,Cointelegraph,2207129125,755554,dipsy educate children time bitcoin dips,2021-03-31T17:23:32.000Z,10,5,50,neu
#bitcoin,crypto,928759224599040001,327202,singapore warns public risks trading cryptocurrencies warms bitcoin,2021-04-06T15:11:01.000Z,15,19,49,neu
#bitcoin,crypto,928759224599040001,327202,singapore warns public risks trading cryptocurrencies warms bitcoin crypto,2021-04-06T04:34:42.000Z,79,45,157,neu
#bitcoin,crypto,928759224599040001,327203,grayscale bitcoin trust worlds largest institutional holder bitcoin plans flip trust exchangetraded fund crypto,2021-04-06T00:30:09.000Z,78,17,213,neu
#bitcoin,crypto,928759224599040001,327203,mining bitcoin pay rent cofounder thailands largest licensed cryptocurrency exchange 33yearold fueling crypto boom worrying regulators southeast asias secondlargest economy crypto,2021-04-05T02:25:01.000Z,73,38,230,neu
#bitcoin,crypto,928759224599040001,327203,congrats bitcoin profits handle taxman bopinion crypto,2021-04-03T02:11:00.000Z,27,16,95,neu
#bitcoin,crypto,928759224599040001,327203,goldman sachs close offering investment vehicles bitcoin digital assets clients private wealth management unit crypto btc,2021-04-01T03:20:46.000Z,115,29,244,neu
#bitcoin,crypto,928759224599040001,327203,watch bgarlinghouse ceo ripple labs shares update lawsuit company discusses impact bitcoin mining environment emilychangtv bloombergtv crypto xrp,2021-04-01T02:32:07.000Z,365,57,899,neu
#bitcoin,laurashin,26377478,147415,unchained mcuban discusses 1 believes ether store bitcoin 2 nft investment thesis 3 dallasmavs musicians authors creators nfts,2021-04-06T13:03:50.000Z,80,55,471,neu
#ethereum,laurashin,26377478,147415,unchained mcuban discusses 1 believes ether store bitcoin 2 nft investment thesis 3 dallasmavs musicians authors creators nfts,2021-04-06T13:03:50.000Z,80,55,471,neu
#bitcoin,Excellion,14654494,126875,future excellion hats custom clasps stamped bitcoin logo proofofhat,2021-04-04T03:24:39.000Z,15,12,246,neu
#bitcoin,Excellion,14654494,126875,shitcoins marketing bitcoin,2021-04-02T07:42:49.000Z,103,9,1350,neu
#bitcoin,Excellion,14654494,126875,acquire bitcoin fiat comfort decades lining hours blood bank buy sandwich,2021-03-31T21:36:43.000Z,35,4,286,neu
#bitcoin,mdudas,7184612,52641,chinas digital currency controlled central bank expected chinas government vast tools monitor economy people digital yuan negate bitcoins major draws anonymity user,2021-04-07T01:23:50.000Z,3,5,16,neu
#binance coin,cz_binance,902926941413453824,1360597,fee opportunity bsc bnb binance,2021-04-07T16:26:40.000Z,164,180,1353,neu
#ethereum,cz_binance,902926941413453824,1360591,bnb started fee discount token binance cex bnb fee discount coin ethereum enter bsc,2021-04-07T04:12:38.000Z,495,383,3454,neu
#binance coin,cz_binance,902926941413453824,1360591,bnb started fee discount token binance cex bnb fee discount coin ethereum enter bsc,2021-04-07T04:12:38.000Z,495,383,3454,neu
#bitcoin,cz_binance,902926941413453824,1360593,personally hold 2 coins btc bought 2014 bnb higher volatilityrisk btc time coins binance hold bit listed people save fees bnb,2021-04-07T04:10:30.000Z,481,480,4142,neu
#binance coin,cz_binance,902926941413453824,1360597,personally hold 2 coins btc bought 2014 bnb higher volatilityrisk btc time coins binance hold bit listed people save fees bnb,2021-04-07T04:10:30.000Z,481,480,4142,neu
#binance coin,cz_binance,902926941413453824,1360597,2 modes asset dip ath bnb dip financial advice,2021-04-07T03:55:51.000Z,548,554,5375,neu
#binance coin,cz_binance,902926941413453824,1360595,friends thighs red slapping selling bnb early,2021-04-06T12:03:14.000Z,534,39,4971,neu
#binance coin,cz_binance,902926941413453824,1360591,check bnb price chart check chart lot bsc bnb,2021-04-06T08:39:35.000Z,377,426,2427,neu
#binance coin,cz_binance,902926941413453824,1360592,bnb 370 dip bnb ath 50 long long months 60 days ago financial advice,2021-04-06T03:36:15.000Z,479,311,3234,neu
#bitcoin,cz_binance,902926941413453824,1360372,understand finance poor understand bitcoin gapping hole financial knowledge learn bitcoin teach friends prosper financial advice,2021-04-05T05:04:58.000Z,1279,454,5809,neu
#binance coin,cz_binance,902926941413453824,1360597,bnb sets alltime high wider market recovers beincrypto,2021-04-05T04:37:51.000Z,228,143,1395,neu
#binance usd,cz_binance,902926941413453824,1360597,busd cross 4 billion market cap,2021-04-03T12:06:33.000Z,472,538,5036,neu
#ethereum,cz_binance,902926941413453824,1360597,eth ath,2021-04-03T07:25:30.000Z,286,331,2792,neu
#binance coin,cz_binance,902926941413453824,1360597,didnt bnb ath earlier today previous tweet bad yeah ath financial advice,2021-04-02T05:23:03.000Z,655,28,4532,neu
#bitcoin,cz_binance,902926941413453824,1360593,thinking buying 1 btc worth fiat financial advice happy april fools,2021-04-01T07:54:36.000Z,544,715,6336,neu
#bitcoin,woonomic,13418472,381395,changing face bitcoin investors 2021 bitcoin forecast move audio form suit corporate directors boardroom meetings free sample,2021-04-01T04:05:05.000Z,103,148,1258,neu
#bitcoin,rogerkver,176758255,663679,1000 bitcoincash stickers bought bch arrived buy add business,2021-04-13T16:36:19.000Z,69,63,426,neu
#bitcoin cash,rogerkver,176758255,663679,1000 bitcoincash stickers bought bch arrived buy add business,2021-04-13T16:36:19.000Z,69,63,426,neu
#bitcoin,aantonop,1469101279,577594,free bitcoin introductory workshop learn register meow,2021-04-13T20:00:05.000Z,16,8,88,neu
#bitcoin,aantonop,1469101279,577594,visit aantonop shop learn bitcoin books workshops understanding swag discounts buy bundles crypto,2021-04-12T20:00:06.000Z,8,1,33,neu
#bitcoin,aantonop,1469101279,577594,7min video review strategies simple advanced maintain privacy bitcoin,2021-04-10T14:00:12.000Z,69,9,198,neu
#bitcoin,aantonop,1469101279,577594,transferred bitcoin low fee unconfirmed 10 days learn 4min crypto,2021-04-10T08:00:07.000Z,24,16,135,neu
#bitcoin,aantonop,1469101279,577594,weve playlists bitcoin ethereum lightningnetwork qampas check,2021-04-09T14:00:20.000Z,12,3,57,neu
#ethereum,aantonop,1469101279,577594,weve playlists bitcoin ethereum lightningnetwork qampas check,2021-04-09T14:00:20.000Z,12,3,57,neu
#bitcoin,aantonop,1469101279,577594,bitcoin privacy isnt sort thing simple ways increase privacy bitcoin transactions,2021-04-09T08:00:17.000Z,68,12,266,neu
#bitcoin,aantonop,1469101279,577594,afford bitcoin,2021-04-08T14:00:23.000Z,26,7,128,neu
#bitcoin,ErikVoorhees,61417559,440881,behold native unwrapped ethereum native unwrapped bitcoin 5000 trade intermediary custody kyc shapeshiftio today launched decentralized crosschain trading integrating thorchain launched today,2021-04-13T17:24:05.000Z,469,174,2279,neu
#ethereum,ErikVoorhees,61417559,440881,behold native unwrapped ethereum native unwrapped bitcoin 5000 trade intermediary custody kyc shapeshiftio today launched decentralized crosschain trading integrating thorchain launched today,2021-04-13T17:24:05.000Z,469,174,2279,neu
#bitcoin,ErikVoorhees,61417559,440881,quick video al jazeera good intro people bitcoin reasonable explanation basics accurate bitcoin hype start youtube,2021-04-11T13:51:36.000Z,15,10,80,neu
#bitcoin,ErikVoorhees,61417559,440881,bitcoin worlds reserve central mandate capitulating vote span years billion decisionmakers large small choosing widening margins hold scarce asset limitless alternative,2021-04-09T14:15:09.000Z,128,64,781,neu
#bitcoin,tyler,24222556,614221,cia director fud bitcoin tldr broad generalizations bitcoin illicit finance overstated blockchain analysis highly effective crime fighting intelligence gathering tool,2021-04-13T19:02:17.000Z,218,61,1066,neu
#bitcoin,tyler,24222556,613880,bitcoin alltimehigh,2021-04-13T13:03:16.000Z,620,188,6437,neu
#bitcoin,tyler,24222556,614221,40000 publiclytraded companies 32 bitcoin balance sheet early,2021-04-12T20:21:33.000Z,1693,299,10687,neu
#bitcoin,tyler,24222556,614221,amazing bitcoin resource complete list public company private company government fund holds btc,2021-04-12T20:00:38.000Z,516,116,2405,neu
#bitcoin,tyler,24222556,614221,bitcoin ultimate exit strategy,2021-04-11T16:04:18.000Z,452,183,4666,neu
#bitcoin,tyler,24222556,614221,bitcoin commodity supply fixed immune increases caused technological breakthroughs,2021-04-10T22:47:09.000Z,567,289,4138,neu
#bitcoin,tyler,24222556,614221,bitcoin news kryptoin filed amended s1 kryptoin bitcoin etf trust named gemini custodian onward,2021-04-10T18:53:27.000Z,145,53,1345,neu
#bitcoin,tyler,24222556,614221,bitcoin 60k weekend,2021-04-10T12:14:35.000Z,339,145,5087,neu
#bitcoin,tyler,24222556,614221,caruso largest private realestate company bitcoin balance sheet accept btc payment,2021-04-08T13:38:17.000Z,566,133,2815,neu
#bitcoin,cameron,250980843,442523,bitcoin mooning,2021-04-13T15:48:04.000Z,176,99,2483,neu
#bitcoin,cameron,250980843,442523,bitcoin day doctor,2021-04-10T20:15:34.000Z,246,220,3016,neu
#bitcoin,cameron,250980843,442523,fight hsbc banning purchase bitcoin purchases microstrategy mstr,2021-04-09T14:20:33.000Z,726,713,4553,neu
#bitcoin,Cointelegraph,2207129125,770339,crypto mining bring change energy production sector mike colyer ceo foundry digital believes major energy companies economic benefits mining bitcoin lead restructuring renewable energy,2021-04-14T03:00:34.000Z,18,5,56,neu
#bitcoin,Cointelegraph,2207129125,770682,simpsons predict bullish future btc time predicted future,2021-04-13T23:20:00.000Z,26,7,135,neu
#bitcoin,Cointelegraph,2207129125,770682,time magazine time bitcoin popular newyork based magazine partnering grayscale produce content crypto space publication agreed paid btc intends hold balance sheet,2021-04-13T20:45:04.000Z,41,3,173,neu
#dogecoin,Cointelegraph,2207129125,770682,doge price rallied alltime high 0096 dogecoinarmy push popular memecoin 010 mark,2021-04-13T20:33:05.000Z,20,7,95,neu
#bitcoin,Cointelegraph,2207129125,770682,simpsons predict bullish future bitcoin time predicted future,2021-04-13T18:00:16.000Z,16,7,79,neu
#bitcoin,Cointelegraph,2207129125,770682,shares microstrategy surged 10 bitcoin reached alltime highs,2021-04-13T17:17:34.000Z,17,6,81,neu
#bitcoin,Cointelegraph,2207129125,770682,time magazine time bitcoin popular newyork based magazine partnering grayscale produce content crypto space publication agreed paid btc intends hold balance sheet,2021-04-13T15:45:01.000Z,36,3,102,neu
#bitcoin,Cointelegraph,2207129125,770682,drinks miami procrypto biggest nightclubs prepares accept payments cryptocurrencies bitcoin,2021-04-13T13:28:33.000Z,38,12,202,neu
#bitcoin,Cointelegraph,2207129125,770682,60000 support zone bitcoin bulls paying 23 annualized long btc bears borrow margin low 1 ratio scream bullish,2021-04-13T13:15:10.000Z,13,4,66,neu
#bitcoin,Cointelegraph,2207129125,770682,bitcoin hit 70000 analysts bullish breakout imminent bulls manage sustain price 6182584 price move btc,2021-04-13T13:00:16.000Z,14,12,72,neu
#bitcoin,Cointelegraph,2207129125,770682,bitcoin numbers huge cointelegraph markets pro investing strategies historically returned charts lie invest professionals sign today,2021-04-13T11:29:07.000Z,5,8,38,neu
#bitcoin,Cointelegraph,2207129125,770682,bitcoin shattering alltime highs left 70k100k,2021-04-13T11:09:50.000Z,102,15,427,neu
#bitcoin,Cointelegraph,2207129125,770682,bitcoin reaches alltime high 63000 traders discuss,2021-04-13T10:35:05.000Z,45,22,227,neu
#bitcoin,Cointelegraph,2207129125,770682,bitcoin bull market miners making sizeable hardware purchases,2021-04-13T08:07:33.000Z,19,6,107,neu
#bitcoin,Cointelegraph,2207129125,770682,green crypto land raining gains weekend largest weekly close bitcoin analysts predicting breakout attempt move btc,2021-04-12T19:45:01.000Z,12,5,38,neu
#bitcoin,Cointelegraph,2207129125,770682,stimulus check members rcryptocurrency revived interesting history 2010 software developer gavin andresen mission free bitcoin,2021-04-12T19:15:05.000Z,9,4,48,neu
#bitcoin,Cointelegraph,2207129125,770682,pay fees bitcoin public university romanian city sibiu transylvania students pay admission fees crypto,2021-04-12T19:00:06.000Z,39,14,154,neu
#bitcoin,Cointelegraph,2207129125,770682,green crypto land raining gains weekend largest weekly close bitcoin analysts predicting breakout attempt move btc,2021-04-12T17:00:59.000Z,18,7,42,neu
#bitcoin,Cointelegraph,2207129125,770682,imagine 19700 btc shared free members rcryptocurrency revived interesting history 2010 software developer gavin andresen mission free bitcoin,2021-04-12T14:15:10.000Z,8,6,40,neu
#bitcoin,Cointelegraph,2207129125,770682,pay school fees bitcoin public university romanian city sibiu transylvania students pay admission fees crypto,2021-04-12T14:00:20.000Z,21,5,79,neu
#binance coin,Cointelegraph,2207129125,770682,respect pump binance coin surged 900 2021 binance smart chain sees lot defi projects bnb hit 1k,2021-04-12T13:45:06.000Z,17,24,82,neu
#bitcoin,Cointelegraph,2207129125,770682,bitcoin worth december futures contracts expected expire year reached 73500 2021 bullish reporting cointelegraphmt,2021-04-12T13:30:21.000Z,14,13,48,neu
#bitcoin,Cointelegraph,2207129125,770682,bitcoin blasts 60000 bulls wrestling bears resistance 57513 play breakout set btc alltime high reporting cointelegraphmt,2021-04-12T13:15:06.000Z,5,10,45,neu
#bitcoin,Cointelegraph,2207129125,770682,bitcoin miner manufacturer canaan released 2020 financials company recording 33 net loss year,2021-04-12T12:56:34.000Z,7,6,24,neu
#solana,Cointelegraph,2207129125,770682,blockchain projects launching solana blockchain lucrative airdrops correspond aprils 55 rally sol price,2021-04-11T22:09:03.000Z,41,6,128,neu
#bitcoin,Cointelegraph,2207129125,770682,bitcoins consolidation 60000 increases likelihood breakout alltime high move benefit xlm miota xmr xtz,2021-04-11T19:48:35.000Z,55,25,259,neu
#elrond,Cointelegraph,2207129125,770682,market intelligence intelligently presented nice catch vortecs score elrond egld,2021-04-11T15:56:44.000Z,6,2,48,neu
#bitcoin,Cointelegraph,2207129125,770682,gold hold answer bitcoin stuck 60k btc trading volume amount held institutional investors match 10 golds numbers reporting cointelegraphmt,2021-04-10T11:00:13.000Z,12,21,52,neu
#ethereum,Cointelegraph,2207129125,770682,10largest ethereum whales accumulated roughly 10 billion data top 10 ethonly whales consistently hold 5 wow,2021-04-10T04:00:08.000Z,20,8,107,neu
#bitcoin,Cointelegraph,2207129125,770682,gold hold answer bitcoin stuck 60k btc trading volume amount held institutional investors match 10 golds numbers reporting cointelegraphmt,2021-04-10T02:00:03.000Z,8,6,38,neu
#vechain,Cointelegraph,2207129125,770682,enterpriselevel partnerships wide array realworld cases vechains 400 rally months vets breakout alltime high today,2021-04-10T00:46:33.000Z,164,7,534,neu
#bitcoin,Cointelegraph,2207129125,770682,crypto outperform bitcoin real vision cofounder ceo raoul pal believes coins network effects shot beating btc pal cited eth outperformed btc 250,2021-04-09T19:45:00.000Z,15,10,51,neu
#bitcoin,Cointelegraph,2207129125,770682,crypto outperform bitcoin real vision cofounder ceo raoul pal believes coins network effects shot beating btc pal cited eth outperformed btc 250,2021-04-09T14:44:01.000Z,8,6,42,neu
#bitcoin,Cointelegraph,2207129125,770682,meitu asias microstrategy hongkong tech company total cryptocurrency holdings 100 buying bitcoin april 8,2021-04-09T14:30:25.000Z,28,1,70,neu
#bitcoin,Cointelegraph,2207129125,770682,bitcoin btgpdigital triggers bitcoingold buyers coins mixed,2021-04-09T08:00:03.000Z,4,8,45,neu
#algorand,Cointelegraph,2207129125,770681,real estate tokenization cooler vestas platform built algorand blockchain homeowners ability convert equity digital assets sold accredited investors,2021-04-09T05:00:32.000Z,27,10,95,neu
#bitcoin,Cointelegraph,2207129125,770681,riot blockchain bitcoin miner continuing mining expansion efforts purchasing whinstone texas data facility 650 north american miners counterparts china,2021-04-09T03:45:01.000Z,26,7,87,neu
#bitcoin,Cointelegraph,2207129125,770681,excited bitcoin 400k analysts btc poised bullish year dip sentiments largest cryptocurrency dipped 60k,2021-04-09T03:30:00.000Z,19,10,113,neu
#bitcoin,Cointelegraph,2207129125,770681,technoking elonmusk accumulated bitcoin spend realestate firm houses tesla dealership americana accepting btc change billionaire,2021-04-09T00:00:31.000Z,7,6,70,neu
#bitcoin,Cointelegraph,2207129125,770681,excited bitcoin 400k analysts btc poised bullish year dip sentiments largest cryptocurrency dipped 60k,2021-04-08T22:40:01.000Z,22,7,96,neu
#bitcoin,Cointelegraph,2207129125,770681,technoking elonmusk accumulated bitcoin spend realestate firm houses tesla dealership americana accepting btc change billionaire,2021-04-08T17:30:36.000Z,7,4,69,neu
#bitcoin,Cointelegraph,2207129125,770681,latest dip convincing bottom traders developed fresh skepticism shortterm performance bitcoin expecting drop 55k,2021-04-08T16:45:03.000Z,1,10,32,neu
#bitcoin,Cointelegraph,2207129125,770681,miners hodling dear life miners accumulation mode 5000 btc bitcoins unspent supply start february bullish news largest cryptocurrency,2021-04-08T16:15:03.000Z,19,7,70,neu
#bitcoin,Cointelegraph,2207129125,770681,analysts betting massive bitcoin bull whales stopped selling longterm hodlers ironclad hands bullish btc,2021-04-08T15:45:01.000Z,17,4,91,neu
#bitcoin,Cointelegraph,2207129125,770681,bitcoin uptrend wave selling btc price dropped 56000 analysts final sweep overleveraged long traders 70000,2021-04-08T15:00:28.000Z,12,8,61,neu
#bitcoin,Cointelegraph,2207129125,770681,exploring bitcoin multiasset portfolios years state street decides provide expertise power crypto trading platform,2021-04-08T12:57:33.000Z,10,8,56,neu
#bitcoin,Cointelegraph,2207129125,770681,coinbase invested seed money bitcoin data circulating social media reveals coinbases 800million profits q1 company 2 billion buying btc,2021-04-07T20:30:05.000Z,8,7,65,neu
#bitcoin,Cointelegraph,2207129125,770681,coinbase invested seed money bitcoin data circulating social media reveals coinbases 800million profits q1 company 2 billion buying btc,2021-04-07T15:30:17.000Z,10,8,75,neu
#bitcoin,Cointelegraph,2207129125,770681,ukbased argo blockchain recorded highest revenue rest catch asian miners report china responsible 75 bitcoin mining,2021-04-07T15:15:08.000Z,16,13,51,neu
#bitcoin,Cointelegraph,2207129125,770681,governments implement progressive crypto regulations goldman sachs actively searches ways provide bitcoin exposure clients ceo predicted big evolution regulatory environment,2021-04-07T15:00:12.000Z,13,8,58,neu
#polkadot,Cointelegraph,2207129125,770681,polkadot thirdlargest futures market surpassing litecoin xrp open interest climbed record high 1 billion bullish bearish dot reporting cointelegraphmt,2021-04-07T14:44:01.000Z,26,1,131,neu
#bitcoin,crypto,928759224599040001,338177,bitcoin jumps record mood cryptocurrencies turns bullish coinbase public crypto coin,2021-04-14T05:33:41.000Z,41,9,124,neu
#bitcoin,crypto,928759224599040001,338177,crypto bitcoin 2021 tune live qampa sheilawarren henriarslanian questions experts reply tweet bloombergmarkets,2021-04-14T04:25:06.000Z,2,9,21,neu
#bitcoin,crypto,928759224599040001,338177,months launching north american bitcoin etf reached 1 billion assets crypto,2021-04-14T02:19:08.000Z,25,6,85,neu
#bitcoin,crypto,928759224599040001,338177,bitcoin mining consuming 66 times electricity late 2015 citigroup report crypto,2021-04-14T01:30:43.000Z,90,46,206,neu
#bitcoin,crypto,928759224599040001,338177,watch bitcoin jumps alltime high mood cryptocurrencies turns bullish ahead coinbases listing week higher bloombergs mikemcglone11 kgreifeld discuss quicktake crypto coin,2021-04-14T01:27:40.000Z,55,10,81,neu
#bitcoin,crypto,928759224599040001,338177,microstrategy investing bitcoin key component business start paying board directors cryptocurrency crypto,2021-04-13T00:00:07.000Z,44,7,120,neu
#bitcoin,crypto,928759224599040001,338177,bitcoin investors coinbases trading debut steady bet cryptocurrency market coin crypto,2021-04-12T02:40:11.000Z,78,31,257,neu
#bitcoin,crypto,928759224599040001,338177,cryptocurrencymining company riot blockchain buy north americas largest bitcoin hosting facility whinstone 651 crypto,2021-04-09T02:00:07.000Z,108,34,280,neu
#bitcoin,Excellion,14654494,127117,buying coinbase stock buying basket shitcoins buy bitcoin,2021-04-14T00:39:51.000Z,129,7,1198,neu
#bitcoin,Excellion,14654494,127117,someday future sats big subdivide millionths bitcoin useable,2021-04-11T00:50:52.000Z,44,15,606,neu
#bitcoin,iamjosephyoung,2272640503,135026,day casual vshape recovery day bitcoin ethereum,2021-04-08T16:28:42.000Z,10,6,203,neu
#ethereum,iamjosephyoung,2272640503,135026,day casual vshape recovery day bitcoin ethereum,2021-04-08T16:28:42.000Z,10,6,203,neu
#ethereum,mdudas,7184612,52844,brave etherium,2021-04-11T22:14:06.000Z,1,3,58,neu
#bitcoin,cz_binance,902926941413453824,1467265,difference shilling bitcoin 2014 2021 people,2021-04-13T17:55:29.000Z,418,23,4243,neu
#bitcoin,cz_binance,902926941413453824,1467265,btc dip,2021-04-13T08:17:37.000Z,563,14,4739,neu
#bitcoin,cz_binance,902926941413453824,1467265,ath traffic volume systems holding monitoring bitcoin financial advice,2021-04-13T06:30:46.000Z,502,18,4925,neu
#binance coin,cz_binance,902926941413453824,1467265,asked binance scared defi cannibalize cex told worry binance cex supports defidex today binance cex benefits bsc bnb bnb bsc grown,2021-04-12T08:57:05.000Z,546,21,3876,neu
#binance coin,cz_binance,902926941413453824,1467265,burn coins circulation forever increases remaining coins bnb days financial advice,2021-04-11T16:07:19.000Z,3243,48,14426,neu
#binance coin,cz_binance,902926941413453824,1467265,people bsc carried 5m transactions yesterday correlation prove causation financial advice bsc bnb,2021-04-11T13:45:28.000Z,329,389,2244,neu
#bitcoin,cz_binance,902926941413453824,1467266,bitcoin 60k starting financial advice,2021-04-11T02:16:53.000Z,1553,935,12134,neu
#binance coin,cz_binance,902926941413453824,1467266,beauty beast bnb,2021-04-10T04:31:07.000Z,1504,1056,10477,neu
#binance coin,cz_binance,902926941413453824,1467266,buidling today good day toughdippy days remember days today buidling bnb buidln buidl,2021-04-08T15:59:04.000Z,767,618,5137,neu
#bitcoin,cz_binance,902926941413453824,1467266,bnb ath btc,2021-04-08T14:10:08.000Z,873,39,6086,neu
#binance coin,cz_binance,902926941413453824,1467266,bnb ath btc,2021-04-08T14:10:08.000Z,873,39,6086,neu
#binance coin,cz_binance,902926941413453824,1467266,fee opportunity bsc bnb binance,2021-04-07T16:26:40.000Z,677,635,5802,neu
#bitcoin,woonomic,13418472,391252,putting bull compared cycles onchain data supports double top theory imo bitcoin completing double tops turns ascending triangle sideways volatility visibly lower cycle,2021-04-09T15:43:14.000Z,824,203,4116,neu